"analysis","Model","Approach","Microbiome","fold","variable","availability"
"before","glmnet_base","Approach1_DREAM","ANCOM_Taxa","all","sdg_visita","at_visit"
"before","glmnet_base","Approach1_DREAM","ANCOM_Taxa","all","edad_cronologicamujer","at_visit"
"before","rf_base","Approach1_DREAM","ANCOM_Taxa","all","sdg_visita","at_visit"
"before","rf_base","Approach1_DREAM","ANCOM_Taxa","all","edad_cronologicamujer","at_visit"
"before","glmnet_base","Approach1_DREAM","Full_Microbiome","all","sdg_visita","at_visit"
"before","glmnet_base","Approach1_DREAM","Full_Microbiome","all","edad_cronologicamujer","at_visit"
"before","rf_base","Approach1_DREAM","Full_Microbiome","all","sdg_visita","at_visit"
"before","rf_base","Approach1_DREAM","Full_Microbiome","all","edad_cronologicamujer","at_visit"
"before","glmnet_base","Approach2_Literature","ANCOM_Taxa","all","sdg_visita","at_visit"
"before","glmnet_base","Approach2_Literature","ANCOM_Taxa","all","edad_cronologicamujer","at_visit"
"before","glmnet_base","Approach2_Literature","ANCOM_Taxa","all","imc_pregestacional","at_visit"
"before","glmnet_base","Approach2_Literature","ANCOM_Taxa","all","peso_pregestacional_kg","at_visit"
"before","glmnet_base","Approach2_Literature","ANCOM_Taxa","all","hemoglobin_alti_adj","at_visit"
"before","glmnet_base","Approach2_Literature","ANCOM_Taxa","all","folic_ac_correg","at_visit"
"before","glmnet_base","Approach2_Literature","ANCOM_Taxa","all","comp1tribleed","at_visit"
"before","glmnet_base","Approach2_Literature","ANCOM_Taxa","all","comppreeclam","after_visit"
"before","glmnet_base","Approach2_Literature","ANCOM_Taxa","all","rpm","outcome_defined"
"before","glmnet_base","Approach2_Literature","ANCOM_Taxa","all","oligohidramnios","after_visit"
"before","rf_base","Approach2_Literature","ANCOM_Taxa","all","sdg_visita","at_visit"
"before","rf_base","Approach2_Literature","ANCOM_Taxa","all","edad_cronologicamujer","at_visit"
"before","rf_base","Approach2_Literature","ANCOM_Taxa","all","imc_pregestacional","at_visit"
"before","rf_base","Approach2_Literature","ANCOM_Taxa","all","peso_pregestacional_kg","at_visit"
"before","rf_base","Approach2_Literature","ANCOM_Taxa","all","hemoglobin_alti_adj","at_visit"
"before","rf_base","Approach2_Literature","ANCOM_Taxa","all","folic_ac_correg","at_visit"
"before","rf_base","Approach2_Literature","ANCOM_Taxa","all","comp1tribleed","at_visit"
"before","rf_base","Approach2_Literature","ANCOM_Taxa","all","comppreeclam","after_visit"
"before","rf_base","Approach2_Literature","ANCOM_Taxa","all","rpm","outcome_defined"
"before","rf_base","Approach2_Literature","ANCOM_Taxa","all","oligohidramnios","after_visit"
"before","glmnet_base","Approach2_Literature","Full_Microbiome","all","sdg_visita","at_visit"
"before","glmnet_base","Approach2_Literature","Full_Microbiome","all","edad_cronologicamujer","at_visit"
"before","glmnet_base","Approach2_Literature","Full_Microbiome","all","imc_pregestacional","at_visit"
"before","glmnet_base","Approach2_Literature","Full_Microbiome","all","peso_pregestacional_kg","at_visit"
"before","glmnet_base","Approach2_Literature","Full_Microbiome","all","hemoglobin_alti_adj","at_visit"
"before","glmnet_base","Approach2_Literature","Full_Microbiome","all","folic_ac_correg","at_visit"
"before","glmnet_base","Approach2_Literature","Full_Microbiome","all","comp1tribleed","at_visit"
"before","glmnet_base","Approach2_Literature","Full_Microbiome","all","comppreeclam","after_visit"
"before","glmnet_base","Approach2_Literature","Full_Microbiome","all","rpm","outcome_defined"
"before","glmnet_base","Approach2_Literature","Full_Microbiome","all","oligohidramnios","after_visit"
"before","rf_base","Approach2_Literature","Full_Microbiome","all","sdg_visita","at_visit"
"before","rf_base","Approach2_Literature","Full_Microbiome","all","edad_cronologicamujer","at_visit"
"before","rf_base","Approach2_Literature","Full_Microbiome","all","imc_pregestacional","at_visit"
"before","rf_base","Approach2_Literature","Full_Microbiome","all","peso_pregestacional_kg","at_visit"
"before","rf_base","Approach2_Literature","Full_Microbiome","all","hemoglobin_alti_adj","at_visit"
"before","rf_base","Approach2_Literature","Full_Microbiome","all","folic_ac_correg","at_visit"
"before","rf_base","Approach2_Literature","Full_Microbiome","all","comp1tribleed","at_visit"
"before","rf_base","Approach2_Literature","Full_Microbiome","all","comppreeclam","after_visit"
"before","rf_base","Approach2_Literature","Full_Microbiome","all","rpm","outcome_defined"
"before","rf_base","Approach2_Literature","Full_Microbiome","all","oligohidramnios","after_visit"
"before","glmnet_base","Approach3_DataDriven","ANCOM_Taxa","1","hemoglobin_alti_adj","at_visit"
"before","glmnet_base","Approach3_DataDriven","ANCOM_Taxa","1","imc_pregestacional","at_visit"
"before","glmnet_base","Approach3_DataDriven","ANCOM_Taxa","1","extreme_bmi","at_visit"
"before","glmnet_base","Approach3_DataDriven","ANCOM_Taxa","1","obese","at_visit"
"before","glmnet_base","Approach3_DataDriven","ANCOM_Taxa","1","comp1tribleed","at_visit"
"before","glmnet_base","Approach3_DataDriven","ANCOM_Taxa","1","oligohidramnios","after_visit"
"before","glmnet_base","Approach3_DataDriven","ANCOM_Taxa","1","any_complication","outcome_defined"
"before","glmnet_base","Approach3_DataDriven","ANCOM_Taxa","1","workouthome","at_visit"
"before","glmnet_base","Approach3_DataDriven","ANCOM_Taxa","1","extreme_age","at_visit"
"before","glmnet_base","Approach3_DataDriven","ANCOM_Taxa","1","complication_count","outcome_defined"
"before","glmnet_base","Approach3_DataDriven","ANCOM_Taxa","2","imc_pregestacional","at_visit"
"before","glmnet_base","Approach3_DataDriven","ANCOM_Taxa","2","peso_pregestacional_kg","at_visit"
"before","glmnet_base","Approach3_DataDriven","ANCOM_Taxa","2","peso_kg","at_visit"
"before","glmnet_base","Approach3_DataDriven","ANCOM_Taxa","2","sdg_visita","at_visit"
"before","glmnet_base","Approach3_DataDriven","ANCOM_Taxa","2","folic_ac_correg","at_visit"
"before","glmnet_base","Approach3_DataDriven","ANCOM_Taxa","2","extreme_bmi","at_visit"
"before","glmnet_base","Approach3_DataDriven","ANCOM_Taxa","2","extreme_age","at_visit"
"before","glmnet_base","Approach3_DataDriven","ANCOM_Taxa","2","compvaginf","after_visit"
"before","glmnet_base","Approach3_DataDriven","ANCOM_Taxa","3","extreme_bmi","at_visit"
"before","glmnet_base","Approach3_DataDriven","ANCOM_Taxa","3","obese","at_visit"
"before","glmnet_base","Approach3_DataDriven","ANCOM_Taxa","3","ses_risk_score","at_visit"
"before","glmnet_base","Approach3_DataDriven","ANCOM_Taxa","3","oligohidramnios","after_visit"
"before","glmnet_base","Approach3_DataDriven","ANCOM_Taxa","3","workouthome","at_visit"
"before","glmnet_base","Approach3_DataDriven","ANCOM_Taxa","3","comp1tribleed","at_visit"
"before","glmnet_base","Approach3_DataDriven","ANCOM_Taxa","3","maritalstat","at_visit"
"before","glmnet_base","Approach3_DataDriven","ANCOM_Taxa","3","dietsuppl3mon","at_visit"
"before","glmnet_base","Approach3_DataDriven","ANCOM_Taxa","4","peso_kg","at_visit"
"before","glmnet_base","Approach3_DataDriven","ANCOM_Taxa","4","ses_risk_score","at_visit"
"before","glmnet_base","Approach3_DataDriven","ANCOM_Taxa","4","extreme_age","at_visit"
"before","glmnet_base","Approach3_DataDriven","ANCOM_Taxa","4","maritalstat","at_visit"
"before","glmnet_base","Approach3_DataDriven","ANCOM_Taxa","4","workouthome","at_visit"
"before","glmnet_base","Approach3_DataDriven","ANCOM_Taxa","4","compvaginf","after_visit"
"before","glmnet_base","Approach3_DataDriven","ANCOM_Taxa","4","comp1tribleed","at_visit"
"before","glmnet_base","Approach3_DataDriven","ANCOM_Taxa","4","dietsuppl3mon","at_visit"
"before","glmnet_base","Approach3_DataDriven","ANCOM_Taxa","4","age_risk_category","at_visit"
"before","glmnet_base","Approach3_DataDriven","ANCOM_Taxa","5","hemoglobin_g_dl","at_visit"
"before","glmnet_base","Approach3_DataDriven","ANCOM_Taxa","5","extreme_bmi","at_visit"
"before","glmnet_base","Approach3_DataDriven","ANCOM_Taxa","5","maritalstat","at_visit"
"before","glmnet_base","Approach3_DataDriven","ANCOM_Taxa","5","obese","at_visit"
"before","glmnet_base","Approach3_DataDriven","ANCOM_Taxa","5","comp1tribleed","at_visit"
"before","glmnet_base","Approach3_DataDriven","ANCOM_Taxa","5","ses_risk_score","at_visit"
"before","glmnet_base","Approach3_DataDriven","ANCOM_Taxa","5","workouthome","at_visit"
"before","glmnet_base","Approach3_DataDriven","ANCOM_Taxa","5","oligohidramnios","after_visit"
"before","glmnet_base","Approach3_DataDriven","ANCOM_Taxa","5","compvaginf","after_visit"
"before","glmnet_base","Approach3_DataDriven","ANCOM_Taxa","5","extreme_age","at_visit"
"before","rf_base","Approach3_DataDriven","ANCOM_Taxa","1","hemoglobin_alti_adj","at_visit"
"before","rf_base","Approach3_DataDriven","ANCOM_Taxa","1","imc_pregestacional","at_visit"
"before","rf_base","Approach3_DataDriven","ANCOM_Taxa","1","extreme_bmi","at_visit"
"before","rf_base","Approach3_DataDriven","ANCOM_Taxa","1","obese","at_visit"
"before","rf_base","Approach3_DataDriven","ANCOM_Taxa","1","comp1tribleed","at_visit"
"before","rf_base","Approach3_DataDriven","ANCOM_Taxa","1","oligohidramnios","after_visit"
"before","rf_base","Approach3_DataDriven","ANCOM_Taxa","1","any_complication","outcome_defined"
"before","rf_base","Approach3_DataDriven","ANCOM_Taxa","1","workouthome","at_visit"
"before","rf_base","Approach3_DataDriven","ANCOM_Taxa","1","extreme_age","at_visit"
"before","rf_base","Approach3_DataDriven","ANCOM_Taxa","1","complication_count","outcome_defined"
"before","rf_base","Approach3_DataDriven","ANCOM_Taxa","2","imc_pregestacional","at_visit"
"before","rf_base","Approach3_DataDriven","ANCOM_Taxa","2","peso_pregestacional_kg","at_visit"
"before","rf_base","Approach3_DataDriven","ANCOM_Taxa","2","peso_kg","at_visit"
"before","rf_base","Approach3_DataDriven","ANCOM_Taxa","2","sdg_visita","at_visit"
"before","rf_base","Approach3_DataDriven","ANCOM_Taxa","2","folic_ac_correg","at_visit"
"before","rf_base","Approach3_DataDriven","ANCOM_Taxa","2","extreme_bmi","at_visit"
"before","rf_base","Approach3_DataDriven","ANCOM_Taxa","2","extreme_age","at_visit"
"before","rf_base","Approach3_DataDriven","ANCOM_Taxa","2","compvaginf","after_visit"
"before","rf_base","Approach3_DataDriven","ANCOM_Taxa","3","extreme_bmi","at_visit"
"before","rf_base","Approach3_DataDriven","ANCOM_Taxa","3","obese","at_visit"
"before","rf_base","Approach3_DataDriven","ANCOM_Taxa","3","ses_risk_score","at_visit"
"before","rf_base","Approach3_DataDriven","ANCOM_Taxa","3","oligohidramnios","after_visit"
"before","rf_base","Approach3_DataDriven","ANCOM_Taxa","3","workouthome","at_visit"
"before","rf_base","Approach3_DataDriven","ANCOM_Taxa","3","comp1tribleed","at_visit"
"before","rf_base","Approach3_DataDriven","ANCOM_Taxa","3","maritalstat","at_visit"
"before","rf_base","Approach3_DataDriven","ANCOM_Taxa","3","dietsuppl3mon","at_visit"
"before","rf_base","Approach3_DataDriven","ANCOM_Taxa","4","peso_kg","at_visit"
"before","rf_base","Approach3_DataDriven","ANCOM_Taxa","4","ses_risk_score","at_visit"
"before","rf_base","Approach3_DataDriven","ANCOM_Taxa","4","extreme_age","at_visit"
"before","rf_base","Approach3_DataDriven","ANCOM_Taxa","4","maritalstat","at_visit"
"before","rf_base","Approach3_DataDriven","ANCOM_Taxa","4","workouthome","at_visit"
"before","rf_base","Approach3_DataDriven","ANCOM_Taxa","4","compvaginf","after_visit"
"before","rf_base","Approach3_DataDriven","ANCOM_Taxa","4","comp1tribleed","at_visit"
"before","rf_base","Approach3_DataDriven","ANCOM_Taxa","4","dietsuppl3mon","at_visit"
"before","rf_base","Approach3_DataDriven","ANCOM_Taxa","4","age_risk_category","at_visit"
"before","rf_base","Approach3_DataDriven","ANCOM_Taxa","5","hemoglobin_g_dl","at_visit"
"before","rf_base","Approach3_DataDriven","ANCOM_Taxa","5","extreme_bmi","at_visit"
"before","rf_base","Approach3_DataDriven","ANCOM_Taxa","5","maritalstat","at_visit"
"before","rf_base","Approach3_DataDriven","ANCOM_Taxa","5","obese","at_visit"
"before","rf_base","Approach3_DataDriven","ANCOM_Taxa","5","comp1tribleed","at_visit"
"before","rf_base","Approach3_DataDriven","ANCOM_Taxa","5","ses_risk_score","at_visit"
"before","rf_base","Approach3_DataDriven","ANCOM_Taxa","5","workouthome","at_visit"
"before","rf_base","Approach3_DataDriven","ANCOM_Taxa","5","oligohidramnios","after_visit"
"before","rf_base","Approach3_DataDriven","ANCOM_Taxa","5","compvaginf","after_visit"
"before","rf_base","Approach3_DataDriven","ANCOM_Taxa","5","extreme_age","at_visit"
"before","glmnet_base","Approach3_DataDriven","Full_Microbiome","1","hemoglobin_alti_adj","at_visit"
"before","glmnet_base","Approach3_DataDriven","Full_Microbiome","1","imc_pregestacional","at_visit"
"before","glmnet_base","Approach3_DataDriven","Full_Microbiome","1","extreme_bmi","at_visit"
"before","glmnet_base","Approach3_DataDriven","Full_Microbiome","1","obese","at_visit"
"before","glmnet_base","Approach3_DataDriven","Full_Microbiome","1","comp1tribleed","at_visit"
"before","glmnet_base","Approach3_DataDriven","Full_Microbiome","1","oligohidramnios","after_visit"
"before","glmnet_base","Approach3_DataDriven","Full_Microbiome","1","any_complication","outcome_defined"
"before","glmnet_base","Approach3_DataDriven","Full_Microbiome","1","workouthome","at_visit"
"before","glmnet_base","Approach3_DataDriven","Full_Microbiome","1","extreme_age","at_visit"
"before","glmnet_base","Approach3_DataDriven","Full_Microbiome","1","complication_count","outcome_defined"
"before","glmnet_base","Approach3_DataDriven","Full_Microbiome","2","imc_pregestacional","at_visit"
"before","glmnet_base","Approach3_DataDriven","Full_Microbiome","2","peso_pregestacional_kg","at_visit"
"before","glmnet_base","Approach3_DataDriven","Full_Microbiome","2","peso_kg","at_visit"
"before","glmnet_base","Approach3_DataDriven","Full_Microbiome","2","sdg_visita","at_visit"
"before","glmnet_base","Approach3_DataDriven","Full_Microbiome","2","folic_ac_correg","at_visit"
"before","glmnet_base","Approach3_DataDriven","Full_Microbiome","2","extreme_bmi","at_visit"
"before","glmnet_base","Approach3_DataDriven","Full_Microbiome","2","extreme_age","at_visit"
"before","glmnet_base","Approach3_DataDriven","Full_Microbiome","2","compvaginf","after_visit"
"before","glmnet_base","Approach3_DataDriven","Full_Microbiome","3","extreme_bmi","at_visit"
"before","glmnet_base","Approach3_DataDriven","Full_Microbiome","3","obese","at_visit"
"before","glmnet_base","Approach3_DataDriven","Full_Microbiome","3","ses_risk_score","at_visit"
"before","glmnet_base","Approach3_DataDriven","Full_Microbiome","3","oligohidramnios","after_visit"
"before","glmnet_base","Approach3_DataDriven","Full_Microbiome","3","workouthome","at_visit"
"before","glmnet_base","Approach3_DataDriven","Full_Microbiome","3","comp1tribleed","at_visit"
"before","glmnet_base","Approach3_DataDriven","Full_Microbiome","3","maritalstat","at_visit"
"before","glmnet_base","Approach3_DataDriven","Full_Microbiome","3","dietsuppl3mon","at_visit"
"before","glmnet_base","Approach3_DataDriven","Full_Microbiome","4","peso_kg","at_visit"
"before","glmnet_base","Approach3_DataDriven","Full_Microbiome","4","ses_risk_score","at_visit"
"before","glmnet_base","Approach3_DataDriven","Full_Microbiome","4","extreme_age","at_visit"
"before","glmnet_base","Approach3_DataDriven","Full_Microbiome","4","maritalstat","at_visit"
"before","glmnet_base","Approach3_DataDriven","Full_Microbiome","4","workouthome","at_visit"
"before","glmnet_base","Approach3_DataDriven","Full_Microbiome","4","compvaginf","after_visit"
"before","glmnet_base","Approach3_DataDriven","Full_Microbiome","4","comp1tribleed","at_visit"
"before","glmnet_base","Approach3_DataDriven","Full_Microbiome","4","dietsuppl3mon","at_visit"
"before","glmnet_base","Approach3_DataDriven","Full_Microbiome","4","age_risk_category","at_visit"
"before","glmnet_base","Approach3_DataDriven","Full_Microbiome","5","hemoglobin_g_dl","at_visit"
"before","glmnet_base","Approach3_DataDriven","Full_Microbiome","5","extreme_bmi","at_visit"
"before","glmnet_base","Approach3_DataDriven","Full_Microbiome","5","maritalstat","at_visit"
"before","glmnet_base","Approach3_DataDriven","Full_Microbiome","5","obese","at_visit"
"before","glmnet_base","Approach3_DataDriven","Full_Microbiome","5","comp1tribleed","at_visit"
"before","glmnet_base","Approach3_DataDriven","Full_Microbiome","5","ses_risk_score","at_visit"
"before","glmnet_base","Approach3_DataDriven","Full_Microbiome","5","workouthome","at_visit"
"before","glmnet_base","Approach3_DataDriven","Full_Microbiome","5","oligohidramnios","after_visit"
"before","glmnet_base","Approach3_DataDriven","Full_Microbiome","5","compvaginf","after_visit"
"before","glmnet_base","Approach3_DataDriven","Full_Microbiome","5","extreme_age","at_visit"
"before","rf_base","Approach3_DataDriven","Full_Microbiome","1","hemoglobin_alti_adj","at_visit"
"before","rf_base","Approach3_DataDriven","Full_Microbiome","1","imc_pregestacional","at_visit"
"before","rf_base","Approach3_DataDriven","Full_Microbiome","1","extreme_bmi","at_visit"
"before","rf_base","Approach3_DataDriven","Full_Microbiome","1","obese","at_visit"
"before","rf_base","Approach3_DataDriven","Full_Microbiome","1","comp1tribleed","at_visit"
"before","rf_base","Approach3_DataDriven","Full_Microbiome","1","oligohidramnios","after_visit"
"before","rf_base","Approach3_DataDriven","Full_Microbiome","1","any_complication","outcome_defined"
"before","rf_base","Approach3_DataDriven","Full_Microbiome","1","workouthome","at_visit"
"before","rf_base","Approach3_DataDriven","Full_Microbiome","1","extreme_age","at_visit"
"before","rf_base","Approach3_DataDriven","Full_Microbiome","1","complication_count","outcome_defined"
"before","rf_base","Approach3_DataDriven","Full_Microbiome","2","imc_pregestacional","at_visit"
"before","rf_base","Approach3_DataDriven","Full_Microbiome","2","peso_pregestacional_kg","at_visit"
"before","rf_base","Approach3_DataDriven","Full_Microbiome","2","peso_kg","at_visit"
"before","rf_base","Approach3_DataDriven","Full_Microbiome","2","sdg_visita","at_visit"
"before","rf_base","Approach3_DataDriven","Full_Microbiome","2","folic_ac_correg","at_visit"
"before","rf_base","Approach3_DataDriven","Full_Microbiome","2","extreme_bmi","at_visit"
"before","rf_base","Approach3_DataDriven","Full_Microbiome","2","extreme_age","at_visit"
"before","rf_base","Approach3_DataDriven","Full_Microbiome","2","compvaginf","after_visit"
"before","rf_base","Approach3_DataDriven","Full_Microbiome","3","extreme_bmi","at_visit"
"before","rf_base","Approach3_DataDriven","Full_Microbiome","3","obese","at_visit"
"before","rf_base","Approach3_DataDriven","Full_Microbiome","3","ses_risk_score","at_visit"
"before","rf_base","Approach3_DataDriven","Full_Microbiome","3","oligohidramnios","after_visit"
"before","rf_base","Approach3_DataDriven","Full_Microbiome","3","workouthome","at_visit"
"before","rf_base","Approach3_DataDriven","Full_Microbiome","3","comp1tribleed","at_visit"
"before","rf_base","Approach3_DataDriven","Full_Microbiome","3","maritalstat","at_visit"
"before","rf_base","Approach3_DataDriven","Full_Microbiome","3","dietsuppl3mon","at_visit"
"before","rf_base","Approach3_DataDriven","Full_Microbiome","4","peso_kg","at_visit"
"before","rf_base","Approach3_DataDriven","Full_Microbiome","4","ses_risk_score","at_visit"
"before","rf_base","Approach3_DataDriven","Full_Microbiome","4","extreme_age","at_visit"
"before","rf_base","Approach3_DataDriven","Full_Microbiome","4","maritalstat","at_visit"
"before","rf_base","Approach3_DataDriven","Full_Microbiome","4","workouthome","at_visit"
"before","rf_base","Approach3_DataDriven","Full_Microbiome","4","compvaginf","after_visit"
"before","rf_base","Approach3_DataDriven","Full_Microbiome","4","comp1tribleed","at_visit"
"before","rf_base","Approach3_DataDriven","Full_Microbiome","4","dietsuppl3mon","at_visit"
"before","rf_base","Approach3_DataDriven","Full_Microbiome","4","age_risk_category","at_visit"
"before","rf_base","Approach3_DataDriven","Full_Microbiome","5","hemoglobin_g_dl","at_visit"
"before","rf_base","Approach3_DataDriven","Full_Microbiome","5","extreme_bmi","at_visit"
"before","rf_base","Approach3_DataDriven","Full_Microbiome","5","maritalstat","at_visit"
"before","rf_base","Approach3_DataDriven","Full_Microbiome","5","obese","at_visit"
"before","rf_base","Approach3_DataDriven","Full_Microbiome","5","comp1tribleed","at_visit"
"before","rf_base","Approach3_DataDriven","Full_Microbiome","5","ses_risk_score","at_visit"
"before","rf_base","Approach3_DataDriven","Full_Microbiome","5","workouthome","at_visit"
"before","rf_base","Approach3_DataDriven","Full_Microbiome","5","oligohidramnios","after_visit"
"before","rf_base","Approach3_DataDriven","Full_Microbiome","5","compvaginf","after_visit"
"before","rf_base","Approach3_DataDriven","Full_Microbiome","5","extreme_age","at_visit"
"main","glmnet_base","Approach1_DREAM","ANCOM_Taxa","all","sdg_visita","at_visit"
"main","glmnet_base","Approach1_DREAM","ANCOM_Taxa","all","edad_cronologicamujer","at_visit"
"main","rf_base","Approach1_DREAM","ANCOM_Taxa","all","sdg_visita","at_visit"
"main","rf_base","Approach1_DREAM","ANCOM_Taxa","all","edad_cronologicamujer","at_visit"
"main","glmnet_base","Approach1_DREAM","Full_Microbiome","all","sdg_visita","at_visit"
"main","glmnet_base","Approach1_DREAM","Full_Microbiome","all","edad_cronologicamujer","at_visit"
"main","rf_base","Approach1_DREAM","Full_Microbiome","all","sdg_visita","at_visit"
"main","rf_base","Approach1_DREAM","Full_Microbiome","all","edad_cronologicamujer","at_visit"
"main","glmnet_base","Approach2_Literature","ANCOM_Taxa","all","sdg_visita","at_visit"
"main","glmnet_base","Approach2_Literature","ANCOM_Taxa","all","edad_cronologicamujer","at_visit"
"main","glmnet_base","Approach2_Literature","ANCOM_Taxa","all","imc_pregestacional","at_visit"
"main","glmnet_base","Approach2_Literature","ANCOM_Taxa","all","peso_pregestacional_kg","at_visit"
"main","glmnet_base","Approach2_Literature","ANCOM_Taxa","all","hemoglobin_alti_adj","at_visit"
"main","glmnet_base","Approach2_Literature","ANCOM_Taxa","all","folic_ac_correg","at_visit"
"main","glmnet_base","Approach2_Literature","ANCOM_Taxa","all","comp1tribleed","at_visit"
"main","glmnet_base","Approach2_Literature","ANCOM_Taxa","all","anemia_visita","at_visit"
"main","glmnet_base","Approach2_Literature","ANCOM_Taxa","all","ses_risk_score","at_visit"
"main","glmnet_base","Approach2_Literature","ANCOM_Taxa","all","dietsuppl3mon","at_visit"
"main","rf_base","Approach2_Literature","ANCOM_Taxa","all","sdg_visita","at_visit"
"main","rf_base","Approach2_Literature","ANCOM_Taxa","all","edad_cronologicamujer","at_visit"
"main","rf_base","Approach2_Literature","ANCOM_Taxa","all","imc_pregestacional","at_visit"
"main","rf_base","Approach2_Literature","ANCOM_Taxa","all","peso_pregestacional_kg","at_visit"
"main","rf_base","Approach2_Literature","ANCOM_Taxa","all","hemoglobin_alti_adj","at_visit"
"main","rf_base","Approach2_Literature","ANCOM_Taxa","all","folic_ac_correg","at_visit"
"main","rf_base","Approach2_Literature","ANCOM_Taxa","all","comp1tribleed","at_visit"
"main","rf_base","Approach2_Literature","ANCOM_Taxa","all","anemia_visita","at_visit"
"main","rf_base","Approach2_Literature","ANCOM_Taxa","all","ses_risk_score","at_visit"
"main","rf_base","Approach2_Literature","ANCOM_Taxa","all","dietsuppl3mon","at_visit"
"main","glmnet_base","Approach2_Literature","Full_Microbiome","all","sdg_visita","at_visit"
"main","glmnet_base","Approach2_Literature","Full_Microbiome","all","edad_cronologicamujer","at_visit"
"main","glmnet_base","Approach2_Literature","Full_Microbiome","all","imc_pregestacional","at_visit"
"main","glmnet_base","Approach2_Literature","Full_Microbiome","all","peso_pregestacional_kg","at_visit"
"main","glmnet_base","Approach2_Literature","Full_Microbiome","all","hemoglobin_alti_adj","at_visit"
"main","glmnet_base","Approach2_Literature","Full_Microbiome","all","folic_ac_correg","at_visit"
"main","glmnet_base","Approach2_Literature","Full_Microbiome","all","comp1tribleed","at_visit"
"main","glmnet_base","Approach2_Literature","Full_Microbiome","all","anemia_visita","at_visit"
"main","glmnet_base","Approach2_Literature","Full_Microbiome","all","ses_risk_score","at_visit"
"main","glmnet_base","Approach2_Literature","Full_Microbiome","all","dietsuppl3mon","at_visit"
"main","rf_base","Approach2_Literature","Full_Microbiome","all","sdg_visita","at_visit"
"main","rf_base","Approach2_Literature","Full_Microbiome","all","edad_cronologicamujer","at_visit"
"main","rf_base","Approach2_Literature","Full_Microbiome","all","imc_pregestacional","at_visit"
"main","rf_base","Approach2_Literature","Full_Microbiome","all","peso_pregestacional_kg","at_visit"
"main","rf_base","Approach2_Literature","Full_Microbiome","all","hemoglobin_alti_adj","at_visit"
"main","rf_base","Approach2_Literature","Full_Microbiome","all","folic_ac_correg","at_visit"
"main","rf_base","Approach2_Literature","Full_Microbiome","all","comp1tribleed","at_visit"
"main","rf_base","Approach2_Literature","Full_Microbiome","all","anemia_visita","at_visit"
"main","rf_base","Approach2_Literature","Full_Microbiome","all","ses_risk_score","at_visit"
"main","rf_base","Approach2_Literature","Full_Microbiome","all","dietsuppl3mon","at_visit"
"main","glmnet_base","Approach3_DataDriven","ANCOM_Taxa","1","hemoglobin_alti_adj","at_visit"
"main","glmnet_base","Approach3_DataDriven","ANCOM_Taxa","1","imc_pregestacional","at_visit"
"main","glmnet_base","Approach3_DataDriven","ANCOM_Taxa","1","extreme_bmi","at_visit"
"main","glmnet_base","Approach3_DataDriven","ANCOM_Taxa","1","obese","at_visit"
"main","glmnet_base","Approach3_DataDriven","ANCOM_Taxa","1","comp1tribleed","at_visit"
"main","glmnet_base","Approach3_DataDriven","ANCOM_Taxa","1","workouthome","at_visit"
"main","glmnet_base","Approach3_DataDriven","ANCOM_Taxa","1","extreme_age","at_visit"
"main","glmnet_base","Approach3_DataDriven","ANCOM_Taxa","1","anemia_visita","at_visit"
"main","glmnet_base","Approach3_DataDriven","ANCOM_Taxa","1","age_risk_category","at_visit"
"main","glmnet_base","Approach3_DataDriven","ANCOM_Taxa","2","imc_pregestacional","at_visit"
"main","glmnet_base","Approach3_DataDriven","ANCOM_Taxa","2","peso_pregestacional_kg","at_visit"
"main","glmnet_base","Approach3_DataDriven","ANCOM_Taxa","2","peso_kg","at_visit"
"main","glmnet_base","Approach3_DataDriven","ANCOM_Taxa","2","sdg_visita","at_visit"
"main","glmnet_base","Approach3_DataDriven","ANCOM_Taxa","2","folic_ac_correg","at_visit"
"main","glmnet_base","Approach3_DataDriven","ANCOM_Taxa","2","extreme_bmi","at_visit"
"main","glmnet_base","Approach3_DataDriven","ANCOM_Taxa","2","extreme_age","at_visit"
"main","glmnet_base","Approach3_DataDriven","ANCOM_Taxa","3","extreme_bmi","at_visit"
"main","glmnet_base","Approach3_DataDriven","ANCOM_Taxa","3","obese","at_visit"
"main","glmnet_base","Approach3_DataDriven","ANCOM_Taxa","3","ses_risk_score","at_visit"
"main","glmnet_base","Approach3_DataDriven","ANCOM_Taxa","3","workouthome","at_visit"
"main","glmnet_base","Approach3_DataDriven","ANCOM_Taxa","3","comp1tribleed","at_visit"
"main","glmnet_base","Approach3_DataDriven","ANCOM_Taxa","3","maritalstat","at_visit"
"main","glmnet_base","Approach3_DataDriven","ANCOM_Taxa","3","dietsuppl3mon","at_visit"
"main","glmnet_base","Approach3_DataDriven","ANCOM_Taxa","4","peso_kg","at_visit"
"main","glmnet_base","Approach3_DataDriven","ANCOM_Taxa","4","ses_risk_score","at_visit"
"main","glmnet_base","Approach3_DataDriven","ANCOM_Taxa","4","extreme_age","at_visit"
"main","glmnet_base","Approach3_DataDriven","ANCOM_Taxa","4","maritalstat","at_visit"
"main","glmnet_base","Approach3_DataDriven","ANCOM_Taxa","4","workouthome","at_visit"
"main","glmnet_base","Approach3_DataDriven","ANCOM_Taxa","4","comp1tribleed","at_visit"
"main","glmnet_base","Approach3_DataDriven","ANCOM_Taxa","4","dietsuppl3mon","at_visit"
"main","glmnet_base","Approach3_DataDriven","ANCOM_Taxa","4","age_risk_category","at_visit"
"main","glmnet_base","Approach3_DataDriven","ANCOM_Taxa","5","hemoglobin_g_dl","at_visit"
"main","glmnet_base","Approach3_DataDriven","ANCOM_Taxa","5","extreme_bmi","at_visit"
"main","glmnet_base","Approach3_DataDriven","ANCOM_Taxa","5","maritalstat","at_visit"
"main","glmnet_base","Approach3_DataDriven","ANCOM_Taxa","5","obese","at_visit"
"main","glmnet_base","Approach3_DataDriven","ANCOM_Taxa","5","comp1tribleed","at_visit"
"main","glmnet_base","Approach3_DataDriven","ANCOM_Taxa","5","ses_risk_score","at_visit"
"main","glmnet_base","Approach3_DataDriven","ANCOM_Taxa","5","workouthome","at_visit"
"main","glmnet_base","Approach3_DataDriven","ANCOM_Taxa","5","extreme_age","at_visit"
"main","glmnet_base","Approach3_DataDriven","ANCOM_Taxa","5","age_risk_category","at_visit"
"main","rf_base","Approach3_DataDriven","ANCOM_Taxa","1","hemoglobin_alti_adj","at_visit"
"main","rf_base","Approach3_DataDriven","ANCOM_Taxa","1","imc_pregestacional","at_visit"
"main","rf_base","Approach3_DataDriven","ANCOM_Taxa","1","extreme_bmi","at_visit"
"main","rf_base","Approach3_DataDriven","ANCOM_Taxa","1","obese","at_visit"
"main","rf_base","Approach3_DataDriven","ANCOM_Taxa","1","comp1tribleed","at_visit"
"main","rf_base","Approach3_DataDriven","ANCOM_Taxa","1","workouthome","at_visit"
"main","rf_base","Approach3_DataDriven","ANCOM_Taxa","1","extreme_age","at_visit"
"main","rf_base","Approach3_DataDriven","ANCOM_Taxa","1","anemia_visita","at_visit"
"main","rf_base","Approach3_DataDriven","ANCOM_Taxa","1","age_risk_category","at_visit"
"main","rf_base","Approach3_DataDriven","ANCOM_Taxa","2","imc_pregestacional","at_visit"
"main","rf_base","Approach3_DataDriven","ANCOM_Taxa","2","peso_pregestacional_kg","at_visit"
"main","rf_base","Approach3_DataDriven","ANCOM_Taxa","2","peso_kg","at_visit"
"main","rf_base","Approach3_DataDriven","ANCOM_Taxa","2","sdg_visita","at_visit"
"main","rf_base","Approach3_DataDriven","ANCOM_Taxa","2","folic_ac_correg","at_visit"
"main","rf_base","Approach3_DataDriven","ANCOM_Taxa","2","extreme_bmi","at_visit"
"main","rf_base","Approach3_DataDriven","ANCOM_Taxa","2","extreme_age","at_visit"
"main","rf_base","Approach3_DataDriven","ANCOM_Taxa","3","extreme_bmi","at_visit"
"main","rf_base","Approach3_DataDriven","ANCOM_Taxa","3","obese","at_visit"
"main","rf_base","Approach3_DataDriven","ANCOM_Taxa","3","ses_risk_score","at_visit"
"main","rf_base","Approach3_DataDriven","ANCOM_Taxa","3","workouthome","at_visit"
"main","rf_base","Approach3_DataDriven","ANCOM_Taxa","3","comp1tribleed","at_visit"
"main","rf_base","Approach3_DataDriven","ANCOM_Taxa","3","maritalstat","at_visit"
"main","rf_base","Approach3_DataDriven","ANCOM_Taxa","3","dietsuppl3mon","at_visit"
"main","rf_base","Approach3_DataDriven","ANCOM_Taxa","4","peso_kg","at_visit"
"main","rf_base","Approach3_DataDriven","ANCOM_Taxa","4","ses_risk_score","at_visit"
"main","rf_base","Approach3_DataDriven","ANCOM_Taxa","4","extreme_age","at_visit"
"main","rf_base","Approach3_DataDriven","ANCOM_Taxa","4","maritalstat","at_visit"
"main","rf_base","Approach3_DataDriven","ANCOM_Taxa","4","workouthome","at_visit"
"main","rf_base","Approach3_DataDriven","ANCOM_Taxa","4","comp1tribleed","at_visit"
"main","rf_base","Approach3_DataDriven","ANCOM_Taxa","4","dietsuppl3mon","at_visit"
"main","rf_base","Approach3_DataDriven","ANCOM_Taxa","4","age_risk_category","at_visit"
"main","rf_base","Approach3_DataDriven","ANCOM_Taxa","5","hemoglobin_g_dl","at_visit"
"main","rf_base","Approach3_DataDriven","ANCOM_Taxa","5","extreme_bmi","at_visit"
"main","rf_base","Approach3_DataDriven","ANCOM_Taxa","5","maritalstat","at_visit"
"main","rf_base","Approach3_DataDriven","ANCOM_Taxa","5","obese","at_visit"
"main","rf_base","Approach3_DataDriven","ANCOM_Taxa","5","comp1tribleed","at_visit"
"main","rf_base","Approach3_DataDriven","ANCOM_Taxa","5","ses_risk_score","at_visit"
"main","rf_base","Approach3_DataDriven","ANCOM_Taxa","5","workouthome","at_visit"
"main","rf_base","Approach3_DataDriven","ANCOM_Taxa","5","extreme_age","at_visit"
"main","rf_base","Approach3_DataDriven","ANCOM_Taxa","5","age_risk_category","at_visit"
"main","glmnet_base","Approach3_DataDriven","Full_Microbiome","1","hemoglobin_alti_adj","at_visit"
"main","glmnet_base","Approach3_DataDriven","Full_Microbiome","1","imc_pregestacional","at_visit"
"main","glmnet_base","Approach3_DataDriven","Full_Microbiome","1","extreme_bmi","at_visit"
"main","glmnet_base","Approach3_DataDriven","Full_Microbiome","1","obese","at_visit"
"main","glmnet_base","Approach3_DataDriven","Full_Microbiome","1","comp1tribleed","at_visit"
"main","glmnet_base","Approach3_DataDriven","Full_Microbiome","1","workouthome","at_visit"
"main","glmnet_base","Approach3_DataDriven","Full_Microbiome","1","extreme_age","at_visit"
"main","glmnet_base","Approach3_DataDriven","Full_Microbiome","1","anemia_visita","at_visit"
"main","glmnet_base","Approach3_DataDriven","Full_Microbiome","1","age_risk_category","at_visit"
"main","glmnet_base","Approach3_DataDriven","Full_Microbiome","2","imc_pregestacional","at_visit"
"main","glmnet_base","Approach3_DataDriven","Full_Microbiome","2","peso_pregestacional_kg","at_visit"
"main","glmnet_base","Approach3_DataDriven","Full_Microbiome","2","peso_kg","at_visit"
"main","glmnet_base","Approach3_DataDriven","Full_Microbiome","2","sdg_visita","at_visit"
"main","glmnet_base","Approach3_DataDriven","Full_Microbiome","2","folic_ac_correg","at_visit"
"main","glmnet_base","Approach3_DataDriven","Full_Microbiome","2","extreme_bmi","at_visit"
"main","glmnet_base","Approach3_DataDriven","Full_Microbiome","2","extreme_age","at_visit"
"main","glmnet_base","Approach3_DataDriven","Full_Microbiome","3","extreme_bmi","at_visit"
"main","glmnet_base","Approach3_DataDriven","Full_Microbiome","3","obese","at_visit"
"main","glmnet_base","Approach3_DataDriven","Full_Microbiome","3","ses_risk_score","at_visit"
"main","glmnet_base","Approach3_DataDriven","Full_Microbiome","3","workouthome","at_visit"
"main","glmnet_base","Approach3_DataDriven","Full_Microbiome","3","comp1tribleed","at_visit"
"main","glmnet_base","Approach3_DataDriven","Full_Microbiome","3","maritalstat","at_visit"
"main","glmnet_base","Approach3_DataDriven","Full_Microbiome","3","dietsuppl3mon","at_visit"
"main","glmnet_base","Approach3_DataDriven","Full_Microbiome","4","peso_kg","at_visit"
"main","glmnet_base","Approach3_DataDriven","Full_Microbiome","4","ses_risk_score","at_visit"
"main","glmnet_base","Approach3_DataDriven","Full_Microbiome","4","extreme_age","at_visit"
"main","glmnet_base","Approach3_DataDriven","Full_Microbiome","4","maritalstat","at_visit"
"main","glmnet_base","Approach3_DataDriven","Full_Microbiome","4","workouthome","at_visit"
"main","glmnet_base","Approach3_DataDriven","Full_Microbiome","4","comp1tribleed","at_visit"
"main","glmnet_base","Approach3_DataDriven","Full_Microbiome","4","dietsuppl3mon","at_visit"
"main","glmnet_base","Approach3_DataDriven","Full_Microbiome","4","age_risk_category","at_visit"
"main","glmnet_base","Approach3_DataDriven","Full_Microbiome","5","hemoglobin_g_dl","at_visit"
"main","glmnet_base","Approach3_DataDriven","Full_Microbiome","5","extreme_bmi","at_visit"
"main","glmnet_base","Approach3_DataDriven","Full_Microbiome","5","maritalstat","at_visit"
"main","glmnet_base","Approach3_DataDriven","Full_Microbiome","5","obese","at_visit"
"main","glmnet_base","Approach3_DataDriven","Full_Microbiome","5","comp1tribleed","at_visit"
"main","glmnet_base","Approach3_DataDriven","Full_Microbiome","5","ses_risk_score","at_visit"
"main","glmnet_base","Approach3_DataDriven","Full_Microbiome","5","workouthome","at_visit"
"main","glmnet_base","Approach3_DataDriven","Full_Microbiome","5","extreme_age","at_visit"
"main","glmnet_base","Approach3_DataDriven","Full_Microbiome","5","age_risk_category","at_visit"
"main","rf_base","Approach3_DataDriven","Full_Microbiome","1","hemoglobin_alti_adj","at_visit"
"main","rf_base","Approach3_DataDriven","Full_Microbiome","1","imc_pregestacional","at_visit"
"main","rf_base","Approach3_DataDriven","Full_Microbiome","1","extreme_bmi","at_visit"
"main","rf_base","Approach3_DataDriven","Full_Microbiome","1","obese","at_visit"
"main","rf_base","Approach3_DataDriven","Full_Microbiome","1","comp1tribleed","at_visit"
"main","rf_base","Approach3_DataDriven","Full_Microbiome","1","workouthome","at_visit"
"main","rf_base","Approach3_DataDriven","Full_Microbiome","1","extreme_age","at_visit"
"main","rf_base","Approach3_DataDriven","Full_Microbiome","1","anemia_visita","at_visit"
"main","rf_base","Approach3_DataDriven","Full_Microbiome","1","age_risk_category","at_visit"
"main","rf_base","Approach3_DataDriven","Full_Microbiome","2","imc_pregestacional","at_visit"
"main","rf_base","Approach3_DataDriven","Full_Microbiome","2","peso_pregestacional_kg","at_visit"
"main","rf_base","Approach3_DataDriven","Full_Microbiome","2","peso_kg","at_visit"
"main","rf_base","Approach3_DataDriven","Full_Microbiome","2","sdg_visita","at_visit"
"main","rf_base","Approach3_DataDriven","Full_Microbiome","2","folic_ac_correg","at_visit"
"main","rf_base","Approach3_DataDriven","Full_Microbiome","2","extreme_bmi","at_visit"
"main","rf_base","Approach3_DataDriven","Full_Microbiome","2","extreme_age","at_visit"
"main","rf_base","Approach3_DataDriven","Full_Microbiome","3","extreme_bmi","at_visit"
"main","rf_base","Approach3_DataDriven","Full_Microbiome","3","obese","at_visit"
"main","rf_base","Approach3_DataDriven","Full_Microbiome","3","ses_risk_score","at_visit"
"main","rf_base","Approach3_DataDriven","Full_Microbiome","3","workouthome","at_visit"
"main","rf_base","Approach3_DataDriven","Full_Microbiome","3","comp1tribleed","at_visit"
"main","rf_base","Approach3_DataDriven","Full_Microbiome","3","maritalstat","at_visit"
"main","rf_base","Approach3_DataDriven","Full_Microbiome","3","dietsuppl3mon","at_visit"
"main","rf_base","Approach3_DataDriven","Full_Microbiome","4","peso_kg","at_visit"
"main","rf_base","Approach3_DataDriven","Full_Microbiome","4","ses_risk_score","at_visit"
"main","rf_base","Approach3_DataDriven","Full_Microbiome","4","extreme_age","at_visit"
"main","rf_base","Approach3_DataDriven","Full_Microbiome","4","maritalstat","at_visit"
"main","rf_base","Approach3_DataDriven","Full_Microbiome","4","workouthome","at_visit"
"main","rf_base","Approach3_DataDriven","Full_Microbiome","4","comp1tribleed","at_visit"
"main","rf_base","Approach3_DataDriven","Full_Microbiome","4","dietsuppl3mon","at_visit"
"main","rf_base","Approach3_DataDriven","Full_Microbiome","4","age_risk_category","at_visit"
"main","rf_base","Approach3_DataDriven","Full_Microbiome","5","hemoglobin_g_dl","at_visit"
"main","rf_base","Approach3_DataDriven","Full_Microbiome","5","extreme_bmi","at_visit"
"main","rf_base","Approach3_DataDriven","Full_Microbiome","5","maritalstat","at_visit"
"main","rf_base","Approach3_DataDriven","Full_Microbiome","5","obese","at_visit"
"main","rf_base","Approach3_DataDriven","Full_Microbiome","5","comp1tribleed","at_visit"
"main","rf_base","Approach3_DataDriven","Full_Microbiome","5","ses_risk_score","at_visit"
"main","rf_base","Approach3_DataDriven","Full_Microbiome","5","workouthome","at_visit"
"main","rf_base","Approach3_DataDriven","Full_Microbiome","5","extreme_age","at_visit"
"main","rf_base","Approach3_DataDriven","Full_Microbiome","5","age_risk_category","at_visit"
"sensitivity","glmnet_base","Approach1_DREAM","ANCOM_Taxa","all","sdg_visita","at_visit"
"sensitivity","glmnet_base","Approach1_DREAM","ANCOM_Taxa","all","edad_cronologicamujer","at_visit"
"sensitivity","rf_base","Approach1_DREAM","ANCOM_Taxa","all","sdg_visita","at_visit"
"sensitivity","rf_base","Approach1_DREAM","ANCOM_Taxa","all","edad_cronologicamujer","at_visit"
"sensitivity","glmnet_base","Approach1_DREAM","Full_Microbiome","all","sdg_visita","at_visit"
"sensitivity","glmnet_base","Approach1_DREAM","Full_Microbiome","all","edad_cronologicamujer","at_visit"
"sensitivity","rf_base","Approach1_DREAM","Full_Microbiome","all","sdg_visita","at_visit"
"sensitivity","rf_base","Approach1_DREAM","Full_Microbiome","all","edad_cronologicamujer","at_visit"
"sensitivity","glmnet_base","Approach2_Literature","ANCOM_Taxa","all","sdg_visita","at_visit"
"sensitivity","glmnet_base","Approach2_Literature","ANCOM_Taxa","all","edad_cronologicamujer","at_visit"
"sensitivity","glmnet_base","Approach2_Literature","ANCOM_Taxa","all","imc_pregestacional","at_visit"
"sensitivity","glmnet_base","Approach2_Literature","ANCOM_Taxa","all","peso_pregestacional_kg","at_visit"
"sensitivity","glmnet_base","Approach2_Literature","ANCOM_Taxa","all","hemoglobin_alti_adj","at_visit"
"sensitivity","glmnet_base","Approach2_Literature","ANCOM_Taxa","all","folic_ac_correg","at_visit"
"sensitivity","glmnet_base","Approach2_Literature","ANCOM_Taxa","all","comp1tribleed","at_visit"
"sensitivity","glmnet_base","Approach2_Literature","ANCOM_Taxa","all","comppreeclam","after_visit"
"sensitivity","glmnet_base","Approach2_Literature","ANCOM_Taxa","all","oligohidramnios","after_visit"
"sensitivity","glmnet_base","Approach2_Literature","ANCOM_Taxa","all","diabetes_gest","after_visit"
"sensitivity","rf_base","Approach2_Literature","ANCOM_Taxa","all","sdg_visita","at_visit"
"sensitivity","rf_base","Approach2_Literature","ANCOM_Taxa","all","edad_cronologicamujer","at_visit"
"sensitivity","rf_base","Approach2_Literature","ANCOM_Taxa","all","imc_pregestacional","at_visit"
"sensitivity","rf_base","Approach2_Literature","ANCOM_Taxa","all","peso_pregestacional_kg","at_visit"
"sensitivity","rf_base","Approach2_Literature","ANCOM_Taxa","all","hemoglobin_alti_adj","at_visit"
"sensitivity","rf_base","Approach2_Literature","ANCOM_Taxa","all","folic_ac_correg","at_visit"
"sensitivity","rf_base","Approach2_Literature","ANCOM_Taxa","all","comp1tribleed","at_visit"
"sensitivity","rf_base","Approach2_Literature","ANCOM_Taxa","all","comppreeclam","after_visit"
"sensitivity","rf_base","Approach2_Literature","ANCOM_Taxa","all","oligohidramnios","after_visit"
"sensitivity","rf_base","Approach2_Literature","ANCOM_Taxa","all","diabetes_gest","after_visit"
"sensitivity","glmnet_base","Approach2_Literature","Full_Microbiome","all","sdg_visita","at_visit"
"sensitivity","glmnet_base","Approach2_Literature","Full_Microbiome","all","edad_cronologicamujer","at_visit"
"sensitivity","glmnet_base","Approach2_Literature","Full_Microbiome","all","imc_pregestacional","at_visit"
"sensitivity","glmnet_base","Approach2_Literature","Full_Microbiome","all","peso_pregestacional_kg","at_visit"
"sensitivity","glmnet_base","Approach2_Literature","Full_Microbiome","all","hemoglobin_alti_adj","at_visit"
"sensitivity","glmnet_base","Approach2_Literature","Full_Microbiome","all","folic_ac_correg","at_visit"
"sensitivity","glmnet_base","Approach2_Literature","Full_Microbiome","all","comp1tribleed","at_visit"
"sensitivity","glmnet_base","Approach2_Literature","Full_Microbiome","all","comppreeclam","after_visit"
"sensitivity","glmnet_base","Approach2_Literature","Full_Microbiome","all","oligohidramnios","after_visit"
"sensitivity","glmnet_base","Approach2_Literature","Full_Microbiome","all","diabetes_gest","after_visit"
"sensitivity","rf_base","Approach2_Literature","Full_Microbiome","all","sdg_visita","at_visit"
"sensitivity","rf_base","Approach2_Literature","Full_Microbiome","all","edad_cronologicamujer","at_visit"
"sensitivity","rf_base","Approach2_Literature","Full_Microbiome","all","imc_pregestacional","at_visit"
"sensitivity","rf_base","Approach2_Literature","Full_Microbiome","all","peso_pregestacional_kg","at_visit"
"sensitivity","rf_base","Approach2_Literature","Full_Microbiome","all","hemoglobin_alti_adj","at_visit"
"sensitivity","rf_base","Approach2_Literature","Full_Microbiome","all","folic_ac_correg","at_visit"
"sensitivity","rf_base","Approach2_Literature","Full_Microbiome","all","comp1tribleed","at_visit"
"sensitivity","rf_base","Approach2_Literature","Full_Microbiome","all","comppreeclam","after_visit"
"sensitivity","rf_base","Approach2_Literature","Full_Microbiome","all","oligohidramnios","after_visit"
"sensitivity","rf_base","Approach2_Literature","Full_Microbiome","all","diabetes_gest","after_visit"
"sensitivity","glmnet_base","Approach3_DataDriven","ANCOM_Taxa","1","hemoglobin_alti_adj","at_visit"
"sensitivity","glmnet_base","Approach3_DataDriven","ANCOM_Taxa","1","imc_pregestacional","at_visit"
"sensitivity","glmnet_base","Approach3_DataDriven","ANCOM_Taxa","1","extreme_bmi","at_visit"
"sensitivity","glmnet_base","Approach3_DataDriven","ANCOM_Taxa","1","obese","at_visit"
"sensitivity","glmnet_base","Approach3_DataDriven","ANCOM_Taxa","1","comp1tribleed","at_visit"
"sensitivity","glmnet_base","Approach3_DataDriven","ANCOM_Taxa","1","oligohidramnios","after_visit"
"sensitivity","glmnet_base","Approach3_DataDriven","ANCOM_Taxa","1","workouthome","at_visit"
"sensitivity","glmnet_base","Approach3_DataDriven","ANCOM_Taxa","1","extreme_age","at_visit"
"sensitivity","glmnet_base","Approach3_DataDriven","ANCOM_Taxa","1","anemia_visita","at_visit"
"sensitivity","glmnet_base","Approach3_DataDriven","ANCOM_Taxa","1","sex_baby","after_visit"
"sensitivity","glmnet_base","Approach3_DataDriven","ANCOM_Taxa","2","imc_pregestacional","at_visit"
"sensitivity","glmnet_base","Approach3_DataDriven","ANCOM_Taxa","2","peso_pregestacional_kg","at_visit"
"sensitivity","glmnet_base","Approach3_DataDriven","ANCOM_Taxa","2","peso_kg","at_visit"
"sensitivity","glmnet_base","Approach3_DataDriven","ANCOM_Taxa","2","sdg_visita","at_visit"
"sensitivity","glmnet_base","Approach3_DataDriven","ANCOM_Taxa","2","folic_ac_correg","at_visit"
"sensitivity","glmnet_base","Approach3_DataDriven","ANCOM_Taxa","2","extreme_bmi","at_visit"
"sensitivity","glmnet_base","Approach3_DataDriven","ANCOM_Taxa","2","extreme_age","at_visit"
"sensitivity","glmnet_base","Approach3_DataDriven","ANCOM_Taxa","2","compvaginf","after_visit"
"sensitivity","glmnet_base","Approach3_DataDriven","ANCOM_Taxa","3","extreme_bmi","at_visit"
"sensitivity","glmnet_base","Approach3_DataDriven","ANCOM_Taxa","3","obese","at_visit"
"sensitivity","glmnet_base","Approach3_DataDriven","ANCOM_Taxa","3","ses_risk_score","at_visit"
"sensitivity","glmnet_base","Approach3_DataDriven","ANCOM_Taxa","3","oligohidramnios","after_visit"
"sensitivity","glmnet_base","Approach3_DataDriven","ANCOM_Taxa","3","workouthome","at_visit"
"sensitivity","glmnet_base","Approach3_DataDriven","ANCOM_Taxa","3","comp1tribleed","at_visit"
"sensitivity","glmnet_base","Approach3_DataDriven","ANCOM_Taxa","3","maritalstat","at_visit"
"sensitivity","glmnet_base","Approach3_DataDriven","ANCOM_Taxa","3","dietsuppl3mon","at_visit"
"sensitivity","glmnet_base","Approach3_DataDriven","ANCOM_Taxa","4","peso_kg","at_visit"
"sensitivity","glmnet_base","Approach3_DataDriven","ANCOM_Taxa","4","ses_risk_score","at_visit"
"sensitivity","glmnet_base","Approach3_DataDriven","ANCOM_Taxa","4","extreme_age","at_visit"
"sensitivity","glmnet_base","Approach3_DataDriven","ANCOM_Taxa","4","maritalstat","at_visit"
"sensitivity","glmnet_base","Approach3_DataDriven","ANCOM_Taxa","4","workouthome","at_visit"
"sensitivity","glmnet_base","Approach3_DataDriven","ANCOM_Taxa","4","compvaginf","after_visit"
"sensitivity","glmnet_base","Approach3_DataDriven","ANCOM_Taxa","4","comp1tribleed","at_visit"
"sensitivity","glmnet_base","Approach3_DataDriven","ANCOM_Taxa","4","dietsuppl3mon","at_visit"
"sensitivity","glmnet_base","Approach3_DataDriven","ANCOM_Taxa","4","age_risk_category","at_visit"
"sensitivity","glmnet_base","Approach3_DataDriven","ANCOM_Taxa","5","hemoglobin_g_dl","at_visit"
"sensitivity","glmnet_base","Approach3_DataDriven","ANCOM_Taxa","5","extreme_bmi","at_visit"
"sensitivity","glmnet_base","Approach3_DataDriven","ANCOM_Taxa","5","maritalstat","at_visit"
"sensitivity","glmnet_base","Approach3_DataDriven","ANCOM_Taxa","5","obese","at_visit"
"sensitivity","glmnet_base","Approach3_DataDriven","ANCOM_Taxa","5","comp1tribleed","at_visit"
"sensitivity","glmnet_base","Approach3_DataDriven","ANCOM_Taxa","5","ses_risk_score","at_visit"
"sensitivity","glmnet_base","Approach3_DataDriven","ANCOM_Taxa","5","workouthome","at_visit"
"sensitivity","glmnet_base","Approach3_DataDriven","ANCOM_Taxa","5","oligohidramnios","after_visit"
"sensitivity","glmnet_base","Approach3_DataDriven","ANCOM_Taxa","5","compvaginf","after_visit"
"sensitivity","glmnet_base","Approach3_DataDriven","ANCOM_Taxa","5","extreme_age","at_visit"
"sensitivity","rf_base","Approach3_DataDriven","ANCOM_Taxa","1","hemoglobin_alti_adj","at_visit"
"sensitivity","rf_base","Approach3_DataDriven","ANCOM_Taxa","1","imc_pregestacional","at_visit"
"sensitivity","rf_base","Approach3_DataDriven","ANCOM_Taxa","1","extreme_bmi","at_visit"
"sensitivity","rf_base","Approach3_DataDriven","ANCOM_Taxa","1","obese","at_visit"
"sensitivity","rf_base","Approach3_DataDriven","ANCOM_Taxa","1","comp1tribleed","at_visit"
"sensitivity","rf_base","Approach3_DataDriven","ANCOM_Taxa","1","oligohidramnios","after_visit"
"sensitivity","rf_base","Approach3_DataDriven","ANCOM_Taxa","1","workouthome","at_visit"
"sensitivity","rf_base","Approach3_DataDriven","ANCOM_Taxa","1","extreme_age","at_visit"
"sensitivity","rf_base","Approach3_DataDriven","ANCOM_Taxa","1","anemia_visita","at_visit"
"sensitivity","rf_base","Approach3_DataDriven","ANCOM_Taxa","1","sex_baby","after_visit"
"sensitivity","rf_base","Approach3_DataDriven","ANCOM_Taxa","2","imc_pregestacional","at_visit"
"sensitivity","rf_base","Approach3_DataDriven","ANCOM_Taxa","2","peso_pregestacional_kg","at_visit"
"sensitivity","rf_base","Approach3_DataDriven","ANCOM_Taxa","2","peso_kg","at_visit"
"sensitivity","rf_base","Approach3_DataDriven","ANCOM_Taxa","2","sdg_visita","at_visit"
"sensitivity","rf_base","Approach3_DataDriven","ANCOM_Taxa","2","folic_ac_correg","at_visit"
"sensitivity","rf_base","Approach3_DataDriven","ANCOM_Taxa","2","extreme_bmi","at_visit"
"sensitivity","rf_base","Approach3_DataDriven","ANCOM_Taxa","2","extreme_age","at_visit"
"sensitivity","rf_base","Approach3_DataDriven","ANCOM_Taxa","2","compvaginf","after_visit"
"sensitivity","rf_base","Approach3_DataDriven","ANCOM_Taxa","3","extreme_bmi","at_visit"
"sensitivity","rf_base","Approach3_DataDriven","ANCOM_Taxa","3","obese","at_visit"
"sensitivity","rf_base","Approach3_DataDriven","ANCOM_Taxa","3","ses_risk_score","at_visit"
"sensitivity","rf_base","Approach3_DataDriven","ANCOM_Taxa","3","oligohidramnios","after_visit"
"sensitivity","rf_base","Approach3_DataDriven","ANCOM_Taxa","3","workouthome","at_visit"
"sensitivity","rf_base","Approach3_DataDriven","ANCOM_Taxa","3","comp1tribleed","at_visit"
"sensitivity","rf_base","Approach3_DataDriven","ANCOM_Taxa","3","maritalstat","at_visit"
"sensitivity","rf_base","Approach3_DataDriven","ANCOM_Taxa","3","dietsuppl3mon","at_visit"
"sensitivity","rf_base","Approach3_DataDriven","ANCOM_Taxa","4","peso_kg","at_visit"
"sensitivity","rf_base","Approach3_DataDriven","ANCOM_Taxa","4","ses_risk_score","at_visit"
"sensitivity","rf_base","Approach3_DataDriven","ANCOM_Taxa","4","extreme_age","at_visit"
"sensitivity","rf_base","Approach3_DataDriven","ANCOM_Taxa","4","maritalstat","at_visit"
"sensitivity","rf_base","Approach3_DataDriven","ANCOM_Taxa","4","workouthome","at_visit"
"sensitivity","rf_base","Approach3_DataDriven","ANCOM_Taxa","4","compvaginf","after_visit"
"sensitivity","rf_base","Approach3_DataDriven","ANCOM_Taxa","4","comp1tribleed","at_visit"
"sensitivity","rf_base","Approach3_DataDriven","ANCOM_Taxa","4","dietsuppl3mon","at_visit"
"sensitivity","rf_base","Approach3_DataDriven","ANCOM_Taxa","4","age_risk_category","at_visit"
"sensitivity","rf_base","Approach3_DataDriven","ANCOM_Taxa","5","hemoglobin_g_dl","at_visit"
"sensitivity","rf_base","Approach3_DataDriven","ANCOM_Taxa","5","extreme_bmi","at_visit"
"sensitivity","rf_base","Approach3_DataDriven","ANCOM_Taxa","5","maritalstat","at_visit"
"sensitivity","rf_base","Approach3_DataDriven","ANCOM_Taxa","5","obese","at_visit"
"sensitivity","rf_base","Approach3_DataDriven","ANCOM_Taxa","5","comp1tribleed","at_visit"
"sensitivity","rf_base","Approach3_DataDriven","ANCOM_Taxa","5","ses_risk_score","at_visit"
"sensitivity","rf_base","Approach3_DataDriven","ANCOM_Taxa","5","workouthome","at_visit"
"sensitivity","rf_base","Approach3_DataDriven","ANCOM_Taxa","5","oligohidramnios","after_visit"
"sensitivity","rf_base","Approach3_DataDriven","ANCOM_Taxa","5","compvaginf","after_visit"
"sensitivity","rf_base","Approach3_DataDriven","ANCOM_Taxa","5","extreme_age","at_visit"
"sensitivity","glmnet_base","Approach3_DataDriven","Full_Microbiome","1","hemoglobin_alti_adj","at_visit"
"sensitivity","glmnet_base","Approach3_DataDriven","Full_Microbiome","1","imc_pregestacional","at_visit"
"sensitivity","glmnet_base","Approach3_DataDriven","Full_Microbiome","1","extreme_bmi","at_visit"
"sensitivity","glmnet_base","Approach3_DataDriven","Full_Microbiome","1","obese","at_visit"
"sensitivity","glmnet_base","Approach3_DataDriven","Full_Microbiome","1","comp1tribleed","at_visit"
"sensitivity","glmnet_base","Approach3_DataDriven","Full_Microbiome","1","oligohidramnios","after_visit"
"sensitivity","glmnet_base","Approach3_DataDriven","Full_Microbiome","1","workouthome","at_visit"
"sensitivity","glmnet_base","Approach3_DataDriven","Full_Microbiome","1","extreme_age","at_visit"
"sensitivity","glmnet_base","Approach3_DataDriven","Full_Microbiome","1","anemia_visita","at_visit"
"sensitivity","glmnet_base","Approach3_DataDriven","Full_Microbiome","1","sex_baby","after_visit"
"sensitivity","glmnet_base","Approach3_DataDriven","Full_Microbiome","2","imc_pregestacional","at_visit"
"sensitivity","glmnet_base","Approach3_DataDriven","Full_Microbiome","2","peso_pregestacional_kg","at_visit"
"sensitivity","glmnet_base","Approach3_DataDriven","Full_Microbiome","2","peso_kg","at_visit"
"sensitivity","glmnet_base","Approach3_DataDriven","Full_Microbiome","2","sdg_visita","at_visit"
"sensitivity","glmnet_base","Approach3_DataDriven","Full_Microbiome","2","folic_ac_correg","at_visit"
"sensitivity","glmnet_base","Approach3_DataDriven","Full_Microbiome","2","extreme_bmi","at_visit"
"sensitivity","glmnet_base","Approach3_DataDriven","Full_Microbiome","2","extreme_age","at_visit"
"sensitivity","glmnet_base","Approach3_DataDriven","Full_Microbiome","2","compvaginf","after_visit"
"sensitivity","glmnet_base","Approach3_DataDriven","Full_Microbiome","3","extreme_bmi","at_visit"
"sensitivity","glmnet_base","Approach3_DataDriven","Full_Microbiome","3","obese","at_visit"
"sensitivity","glmnet_base","Approach3_DataDriven","Full_Microbiome","3","ses_risk_score","at_visit"
"sensitivity","glmnet_base","Approach3_DataDriven","Full_Microbiome","3","oligohidramnios","after_visit"
"sensitivity","glmnet_base","Approach3_DataDriven","Full_Microbiome","3","workouthome","at_visit"
"sensitivity","glmnet_base","Approach3_DataDriven","Full_Microbiome","3","comp1tribleed","at_visit"
"sensitivity","glmnet_base","Approach3_DataDriven","Full_Microbiome","3","maritalstat","at_visit"
"sensitivity","glmnet_base","Approach3_DataDriven","Full_Microbiome","3","dietsuppl3mon","at_visit"
"sensitivity","glmnet_base","Approach3_DataDriven","Full_Microbiome","4","peso_kg","at_visit"
"sensitivity","glmnet_base","Approach3_DataDriven","Full_Microbiome","4","ses_risk_score","at_visit"
"sensitivity","glmnet_base","Approach3_DataDriven","Full_Microbiome","4","extreme_age","at_visit"
"sensitivity","glmnet_base","Approach3_DataDriven","Full_Microbiome","4","maritalstat","at_visit"
"sensitivity","glmnet_base","Approach3_DataDriven","Full_Microbiome","4","workouthome","at_visit"
"sensitivity","glmnet_base","Approach3_DataDriven","Full_Microbiome","4","compvaginf","after_visit"
"sensitivity","glmnet_base","Approach3_DataDriven","Full_Microbiome","4","comp1tribleed","at_visit"
"sensitivity","glmnet_base","Approach3_DataDriven","Full_Microbiome","4","dietsuppl3mon","at_visit"
"sensitivity","glmnet_base","Approach3_DataDriven","Full_Microbiome","4","age_risk_category","at_visit"
"sensitivity","glmnet_base","Approach3_DataDriven","Full_Microbiome","5","hemoglobin_g_dl","at_visit"
"sensitivity","glmnet_base","Approach3_DataDriven","Full_Microbiome","5","extreme_bmi","at_visit"
"sensitivity","glmnet_base","Approach3_DataDriven","Full_Microbiome","5","maritalstat","at_visit"
"sensitivity","glmnet_base","Approach3_DataDriven","Full_Microbiome","5","obese","at_visit"
"sensitivity","glmnet_base","Approach3_DataDriven","Full_Microbiome","5","comp1tribleed","at_visit"
"sensitivity","glmnet_base","Approach3_DataDriven","Full_Microbiome","5","ses_risk_score","at_visit"
"sensitivity","glmnet_base","Approach3_DataDriven","Full_Microbiome","5","workouthome","at_visit"
"sensitivity","glmnet_base","Approach3_DataDriven","Full_Microbiome","5","oligohidramnios","after_visit"
"sensitivity","glmnet_base","Approach3_DataDriven","Full_Microbiome","5","compvaginf","after_visit"
"sensitivity","glmnet_base","Approach3_DataDriven","Full_Microbiome","5","extreme_age","at_visit"
"sensitivity","rf_base","Approach3_DataDriven","Full_Microbiome","1","hemoglobin_alti_adj","at_visit"
"sensitivity","rf_base","Approach3_DataDriven","Full_Microbiome","1","imc_pregestacional","at_visit"
"sensitivity","rf_base","Approach3_DataDriven","Full_Microbiome","1","extreme_bmi","at_visit"
"sensitivity","rf_base","Approach3_DataDriven","Full_Microbiome","1","obese","at_visit"
"sensitivity","rf_base","Approach3_DataDriven","Full_Microbiome","1","comp1tribleed","at_visit"
"sensitivity","rf_base","Approach3_DataDriven","Full_Microbiome","1","oligohidramnios","after_visit"
"sensitivity","rf_base","Approach3_DataDriven","Full_Microbiome","1","workouthome","at_visit"
"sensitivity","rf_base","Approach3_DataDriven","Full_Microbiome","1","extreme_age","at_visit"
"sensitivity","rf_base","Approach3_DataDriven","Full_Microbiome","1","anemia_visita","at_visit"
"sensitivity","rf_base","Approach3_DataDriven","Full_Microbiome","1","sex_baby","after_visit"
"sensitivity","rf_base","Approach3_DataDriven","Full_Microbiome","2","imc_pregestacional","at_visit"
"sensitivity","rf_base","Approach3_DataDriven","Full_Microbiome","2","peso_pregestacional_kg","at_visit"
"sensitivity","rf_base","Approach3_DataDriven","Full_Microbiome","2","peso_kg","at_visit"
"sensitivity","rf_base","Approach3_DataDriven","Full_Microbiome","2","sdg_visita","at_visit"
"sensitivity","rf_base","Approach3_DataDriven","Full_Microbiome","2","folic_ac_correg","at_visit"
"sensitivity","rf_base","Approach3_DataDriven","Full_Microbiome","2","extreme_bmi","at_visit"
"sensitivity","rf_base","Approach3_DataDriven","Full_Microbiome","2","extreme_age","at_visit"
"sensitivity","rf_base","Approach3_DataDriven","Full_Microbiome","2","compvaginf","after_visit"
"sensitivity","rf_base","Approach3_DataDriven","Full_Microbiome","3","extreme_bmi","at_visit"
"sensitivity","rf_base","Approach3_DataDriven","Full_Microbiome","3","obese","at_visit"
"sensitivity","rf_base","Approach3_DataDriven","Full_Microbiome","3","ses_risk_score","at_visit"
"sensitivity","rf_base","Approach3_DataDriven","Full_Microbiome","3","oligohidramnios","after_visit"
"sensitivity","rf_base","Approach3_DataDriven","Full_Microbiome","3","workouthome","at_visit"
"sensitivity","rf_base","Approach3_DataDriven","Full_Microbiome","3","comp1tribleed","at_visit"
"sensitivity","rf_base","Approach3_DataDriven","Full_Microbiome","3","maritalstat","at_visit"
"sensitivity","rf_base","Approach3_DataDriven","Full_Microbiome","3","dietsuppl3mon","at_visit"
"sensitivity","rf_base","Approach3_DataDriven","Full_Microbiome","4","peso_kg","at_visit"
"sensitivity","rf_base","Approach3_DataDriven","Full_Microbiome","4","ses_risk_score","at_visit"
"sensitivity","rf_base","Approach3_DataDriven","Full_Microbiome","4","extreme_age","at_visit"
"sensitivity","rf_base","Approach3_DataDriven","Full_Microbiome","4","maritalstat","at_visit"
"sensitivity","rf_base","Approach3_DataDriven","Full_Microbiome","4","workouthome","at_visit"
"sensitivity","rf_base","Approach3_DataDriven","Full_Microbiome","4","compvaginf","after_visit"
"sensitivity","rf_base","Approach3_DataDriven","Full_Microbiome","4","comp1tribleed","at_visit"
"sensitivity","rf_base","Approach3_DataDriven","Full_Microbiome","4","dietsuppl3mon","at_visit"
"sensitivity","rf_base","Approach3_DataDriven","Full_Microbiome","4","age_risk_category","at_visit"
"sensitivity","rf_base","Approach3_DataDriven","Full_Microbiome","5","hemoglobin_g_dl","at_visit"
"sensitivity","rf_base","Approach3_DataDriven","Full_Microbiome","5","extreme_bmi","at_visit"
"sensitivity","rf_base","Approach3_DataDriven","Full_Microbiome","5","maritalstat","at_visit"
"sensitivity","rf_base","Approach3_DataDriven","Full_Microbiome","5","obese","at_visit"
"sensitivity","rf_base","Approach3_DataDriven","Full_Microbiome","5","comp1tribleed","at_visit"
"sensitivity","rf_base","Approach3_DataDriven","Full_Microbiome","5","ses_risk_score","at_visit"
"sensitivity","rf_base","Approach3_DataDriven","Full_Microbiome","5","workouthome","at_visit"
"sensitivity","rf_base","Approach3_DataDriven","Full_Microbiome","5","oligohidramnios","after_visit"
"sensitivity","rf_base","Approach3_DataDriven","Full_Microbiome","5","compvaginf","after_visit"
"sensitivity","rf_base","Approach3_DataDriven","Full_Microbiome","5","extreme_age","at_visit"
