"analysis","Model","Approach","Microbiome","AUROC_mean","AUROC_sd","PRAUC_mean","PRAUC_sd","Sensitivity_mean","Sensitivity_sd","Specificity_mean","Specificity_sd","Balanced_Accuracy_mean","Balanced_Accuracy_sd"
"before","glmnet_base","Approach1_DREAM","ANCOM_Taxa",0.262222222222222,0.0859227330185831,0.22452380952381,0.0363589848737992,0.0666666666666667,0.149071198499986,0.853333333333333,0.202210011841375,0.46,0.0894427190999916
"before","rf_base","Approach1_DREAM","ANCOM_Taxa",0.56,0.268351161128497,0.479801587301587,0.18059198568465,0.533333333333333,0.298142396999972,0.506666666666667,0.325234957804012,0.52,0.17256238807393
"before","glmnet_base","Approach1_DREAM","Full_Microbiome",0.471111111111111,0.251243819406813,0.452777777777778,0.204117539633767,0.3,0.298142396999972,0.76,0.433589667773576,0.53,0.13560563737872
"before","rf_base","Approach1_DREAM","Full_Microbiome",0.495555555555556,0.232617950964905,0.423412698412698,0.148589519909917,0.266666666666667,0.365148371670111,0.646666666666667,0.282449602190865,0.456666666666667,0.169803808359334
"before","glmnet_base","Approach2_Literature","ANCOM_Taxa",0.277777777777778,0.222222222222222,0.235039682539683,0.0677775570607164,0.0666666666666667,0.149071198499986,0.633333333333333,0.397911212877111,0.35,0.198955606438555
"before","rf_base","Approach2_Literature","ANCOM_Taxa",0.535555555555556,0.232724072298421,0.397896825396825,0.247750635950765,0.2,0.298142396999972,0.753333333333333,0.200831604418561,0.476666666666667,0.146534030935555
"before","glmnet_base","Approach2_Literature","Full_Microbiome",0.384444444444444,0.189476211087042,0.353412698412698,0.192119205565556,0.2,0.298142396999972,0.766666666666667,0.365148371670111,0.483333333333333,0.149071198499986
"before","rf_base","Approach2_Literature","Full_Microbiome",0.528888888888889,0.228737814220389,0.383849206349206,0.146558543964587,0.4,0.278886675511358,0.713333333333333,0.189443629845104,0.556666666666667,0.211016060473552
"before","glmnet_base","Approach3_DataDriven","ANCOM_Taxa",0.691111111111111,0.213495308879564,0.648571428571429,0.282262353861005,0.766666666666667,0.223606797749979,0.413333333333333,0.186488009742658,0.59,0.121678081656293
"before","rf_base","Approach3_DataDriven","ANCOM_Taxa",0.622222222222222,0.197983663124505,0.589563492063492,0.242442683742939,0.466666666666667,0.298142396999972,0.56,0.378153408023781,0.513333333333333,0.163043961351941
"before","glmnet_base","Approach3_DataDriven","Full_Microbiome",0.657777777777778,0.202057319822438,0.613730158730159,0.252628823135666,0.566666666666667,0.149071198499986,0.666666666666667,0.471404520791032,0.616666666666667,0.247206616236522
"before","rf_base","Approach3_DataDriven","Full_Microbiome",0.542222222222222,0.280475786239502,0.508373015873016,0.220165349776314,0.4,0.278886675511358,0.54,0.332832957769776,0.47,0.225893288474398
"main","glmnet_base","Approach1_DREAM","ANCOM_Taxa",0.262222222222222,0.0859227330185831,0.22452380952381,0.0363589848737992,0.0666666666666667,0.149071198499986,0.853333333333333,0.202210011841375,0.46,0.0894427190999916
"main","rf_base","Approach1_DREAM","ANCOM_Taxa",0.56,0.268351161128497,0.479801587301587,0.18059198568465,0.533333333333333,0.298142396999972,0.506666666666667,0.325234957804012,0.52,0.17256238807393
"main","glmnet_base","Approach1_DREAM","Full_Microbiome",0.471111111111111,0.251243819406813,0.452777777777778,0.204117539633767,0.3,0.298142396999972,0.76,0.433589667773576,0.53,0.13560563737872
"main","rf_base","Approach1_DREAM","Full_Microbiome",0.495555555555556,0.232617950964905,0.423412698412698,0.148589519909917,0.266666666666667,0.365148371670111,0.646666666666667,0.282449602190865,0.456666666666667,0.169803808359334
"main","glmnet_base","Approach2_Literature","ANCOM_Taxa",0.388888888888889,0.304290309725092,0.406190476190476,0.281222035366831,0.133333333333333,0.182574185835055,0.826666666666667,0.204667752440117,0.48,0.111430097669645
"main","rf_base","Approach2_Literature","ANCOM_Taxa",0.568888888888889,0.199443670688688,0.405555555555556,0.240121175684998,0.333333333333333,0.333333333333333,0.786666666666667,0.157409586041568,0.56,0.209032161268175
"main","glmnet_base","Approach2_Literature","Full_Microbiome",0.395555555555556,0.253810466857495,0.393373015873016,0.270780003761611,0.333333333333333,0.235702260395516,0.593333333333333,0.340261337471329,0.463333333333333,0.226200501030981
"main","rf_base","Approach2_Literature","Full_Microbiome",0.562222222222222,0.235518865067045,0.396706349206349,0.141401701881684,0.6,0.278886675511359,0.706666666666667,0.283235277149973,0.653333333333333,0.0885061203156783
"main","glmnet_base","Approach3_DataDriven","ANCOM_Taxa",0.757777777777778,0.239907389539288,0.713888888888889,0.300147854511574,0.6,0.434613493680177,0.52,0.314995590798065,0.56,0.172642855501047
"main","rf_base","Approach3_DataDriven","ANCOM_Taxa",0.591111111111111,0.196009573966222,0.585555555555555,0.243086505965913,0.6,0.278886675511359,0.706666666666667,0.283235277149973,0.653333333333333,0.0885061203156783
"main","glmnet_base","Approach3_DataDriven","Full_Microbiome",0.7,0.17829785039868,0.629047619047619,0.245385359608626,0.5,0.288675134594813,0.706666666666667,0.404420023682749,0.603333333333333,0.218708329364323
"main","rf_base","Approach3_DataDriven","Full_Microbiome",0.573333333333333,0.239675706829967,0.515,0.212755161894663,0.333333333333333,0.235702260395516,0.606666666666667,0.266040932523132,0.47,0.225893288474398
"sensitivity","glmnet_base","Approach1_DREAM","ANCOM_Taxa",0.262222222222222,0.0859227330185831,0.22452380952381,0.0363589848737992,0.0666666666666667,0.149071198499986,0.853333333333333,0.202210011841375,0.46,0.0894427190999916
"sensitivity","rf_base","Approach1_DREAM","ANCOM_Taxa",0.56,0.268351161128497,0.479801587301587,0.18059198568465,0.533333333333333,0.298142396999972,0.506666666666667,0.325234957804012,0.52,0.17256238807393
"sensitivity","glmnet_base","Approach1_DREAM","Full_Microbiome",0.471111111111111,0.251243819406813,0.452777777777778,0.204117539633767,0.3,0.298142396999972,0.76,0.433589667773576,0.53,0.13560563737872
"sensitivity","rf_base","Approach1_DREAM","Full_Microbiome",0.495555555555556,0.232617950964905,0.423412698412698,0.148589519909917,0.266666666666667,0.365148371670111,0.646666666666667,0.282449602190865,0.456666666666667,0.169803808359334
"sensitivity","glmnet_base","Approach2_Literature","ANCOM_Taxa",0.255555555555556,0.173916398249984,0.226666666666667,0.0477671308603245,0.133333333333333,0.182574185835055,0.586666666666667,0.381954040283499,0.36,0.129421791055448
"sensitivity","rf_base","Approach2_Literature","ANCOM_Taxa",0.557777777777778,0.213061168982983,0.403769841269841,0.244089395056478,0.333333333333333,0.235702260395516,0.686666666666667,0.221860817230583,0.51,0.148417579072621
"sensitivity","glmnet_base","Approach2_Literature","Full_Microbiome",0.384444444444444,0.15842589886789,0.355595238095238,0.182257988736576,0.133333333333333,0.182574185835055,0.726666666666667,0.343511280746353,0.43,0.109544511501033
"sensitivity","rf_base","Approach2_Literature","Full_Microbiome",0.517777777777778,0.225065148318558,0.381269841269841,0.146582985752161,0.6,0.278886675511359,0.64,0.285189995149432,0.62,0.0730296743340221
"sensitivity","glmnet_base","Approach3_DataDriven","ANCOM_Taxa",0.657777777777778,0.220325236585697,0.584087301587302,0.315380850623153,0.633333333333333,0.414996653266291,0.48,0.314995590798065,0.556666666666667,0.118204154843314
"sensitivity","rf_base","Approach3_DataDriven","ANCOM_Taxa",0.588888888888889,0.17829785039868,0.555833333333333,0.217387511708731,0.466666666666667,0.298142396999972,0.626666666666667,0.356993619613074,0.546666666666667,0.176147034541538
"sensitivity","glmnet_base","Approach3_DataDriven","Full_Microbiome",0.635555555555556,0.2068875760789,0.603730158730159,0.254331314464041,0.566666666666667,0.149071198499986,0.666666666666667,0.471404520791032,0.616666666666667,0.247206616236522
"sensitivity","rf_base","Approach3_DataDriven","Full_Microbiome",0.542222222222222,0.280475786239502,0.508373015873016,0.220165349776314,0.4,0.278886675511358,0.506666666666667,0.303131801183724,0.453333333333333,0.218390577737329
