"variant","week","fold","n_participants","n_preterm","n_term","n_samples","AUROC"
"all",NA,1,9,3,6,23,0.666666666666667
"all",NA,2,9,3,6,25,0.888888888888889
"all",NA,3,9,3,6,24,0.555555555555556
"all",NA,4,9,3,6,21,0.944444444444444
"all",NA,5,7,2,5,17,0.8
"all_reached_24",24,1,8,2,6,22,0.5
"all_reached_24",24,2,9,3,6,25,0.888888888888889
"all_reached_24",24,3,9,3,6,24,0.555555555555556
"all_reached_24",24,4,9,3,6,21,0.944444444444444
"all_reached_24",24,5,7,2,5,17,0.8
"before_24",24,1,8,2,6,9,0.583333333333333
"before_24",24,2,9,3,6,13,0.805555555555556
"before_24",24,3,9,3,6,12,0.472222222222222
"before_24",24,4,9,3,6,5,0.916666666666667
"before_24",24,5,7,2,5,9,0.4
"all_reached_28",28,1,8,2,6,22,0.5
"all_reached_28",28,2,9,3,6,25,0.888888888888889
"all_reached_28",28,3,9,3,6,24,0.555555555555556
"all_reached_28",28,4,9,3,6,21,0.944444444444444
"all_reached_28",28,5,7,2,5,17,0.8
"before_28",28,1,8,2,6,12,0.5
"before_28",28,2,9,3,6,15,0.888888888888889
"before_28",28,3,9,3,6,16,0.388888888888889
"before_28",28,4,9,3,6,11,0.833333333333333
"before_28",28,5,7,2,5,10,0.5
"all_reached_32",32,1,8,2,6,22,0.5
"all_reached_32",32,2,9,3,6,25,0.888888888888889
"all_reached_32",32,3,9,3,6,24,0.555555555555556
"all_reached_32",32,4,9,3,6,21,0.944444444444444
"all_reached_32",32,5,7,2,5,17,0.8
"before_32",32,1,8,2,6,16,0.5
"before_32",32,2,9,3,6,19,0.944444444444444
"before_32",32,3,9,3,6,19,0.5
"before_32",32,4,9,3,6,16,0.777777777777778
"before_32",32,5,7,2,5,12,0.6
