"variant","week","n_samples","term","preterm"
"all",NA,1,4,8
"all",NA,2,5,3
"all",NA,3,12,2
"all",NA,4,5,1
"all",NA,5,2,0
"all",NA,6,1,0
"all_reached_24",24,1,4,7
"all_reached_24",24,2,5,3
"all_reached_24",24,3,12,2
"all_reached_24",24,4,5,1
"all_reached_24",24,5,2,0
"all_reached_24",24,6,1,0
"before_24",24,0,6,5
"before_24",24,1,13,5
"before_24",24,2,6,3
"before_24",24,3,4,0
"all_reached_28",28,1,4,7
"all_reached_28",28,2,5,3
"all_reached_28",28,3,12,2
"all_reached_28",28,4,5,1
"all_reached_28",28,5,2,0
"all_reached_28",28,6,1,0
"before_28",28,0,2,2
"before_28",28,1,12,7
"before_28",28,2,10,3
"before_28",28,3,4,1
"before_28",28,4,1,0
"all_reached_32",32,1,4,7
"all_reached_32",32,2,5,3
"all_reached_32",32,3,12,2
"all_reached_32",32,4,5,1
"all_reached_32",32,5,2,0
"all_reached_32",32,6,1,0
"before_32",32,0,1,1
"before_32",32,1,8,7
"before_32",32,2,10,3
"before_32",32,3,6,2
"before_32",32,4,3,0
"before_32",32,5,1,0
