"variable","role","type","unit","required","description","availability","availability_source","derived_from"
"id","subject_id","character","","yes","Identificador de sujeto (paciente); split a nivel sujeto","at_visit","Identificador de la participante.",""
"index","sample_id","character","","yes","Identificador de muestra longitudinal","at_visit","Identificador de la muestra tomada en la visita.",""
"preterm","outcome","factor","0/1","yes","Parto pretermino (<37 semanas cumplidas); binario 0/1; nivel positivo = 1","outcome_defined","Desenlace del analisis; igual a sdg_parto < 37 en 110/110 muestras.","sdg_parto"
"sdg_parto","gestational_age","numeric","weeks","yes","Edad gestacional en semanas al parto","outcome_defined","Edad gestacional al parto (notacion semanas.dias); define el desenlace.",""
"visita","clinical","character","","no","Numero de visita consecutiva","at_visit","Numero de visita; se conoce en la visita.",""
"dg_visita","clinical","numeric","days","no","Edad gestacional en dias a la visita","at_visit","Edad gestacional a la visita (dias); se conoce en la visita.",""
"sdg_visita","clinical","numeric","weeks","yes","Edad gestacional en semanas a la visita (visit_ga; core de approach1/2)","at_visit","Edad gestacional a la visita en notacion semanas.dias (coincide con dg_visita en 110/110 muestras); se conoce en la visita.",""
"dg_parto","clinical","numeric","days","no","Edad gestacional en dias al parto (variable de desenlace)","outcome_defined","Edad gestacional al parto (dias); define el desenlace.",""
"desenlace_parto","clinical","character","","no","Termino (>37 sem) vs pretermino (<37 sem); variable de desenlace","outcome_defined","Clasificacion del parto (Term, Preterm, Postterm, Abortion); define el desenlace.",""
"edad_cronologicamujer","clinical","numeric","years","no","Edad de la mujer","at_visit","Edad al reclutamiento (criterio de inclusion del estudio); constante entre visitas en las 30 participantes con 2 o mas muestras.",""
"peso_pregestacional_kg","clinical","numeric","kg","no","Peso (kg) antes de iniciar la gestacion","at_visit","Diccionario original: antes de iniciar la gestacion; constante entre visitas en las 30 participantes con 2 o mas muestras.",""
"talla_mujer_cm","clinical","numeric","cm","no","Talla (cm)","at_visit","Caracteristica de la participante; constante entre visitas en las 30 participantes con 2 o mas muestras.",""
"imc_pregestacional","clinical","numeric","kg/m2","no","IMC antes de iniciar la gestacion","at_visit","Diccionario original: antes de iniciar la gestacion; constante entre visitas en las 30 participantes con 2 o mas muestras.",""
"imc_pregest_categ","clinical","character","","no","Categoria de IMC pregestacional (National Academy of Medicine)","at_visit","Categoria de imc_pregestacional (los valores respetan los cortes 18.5, 25 y 30).","imc_pregestacional"
"peso_kg","clinical","numeric","kg","no","Peso (kg) al momento de la visita","at_visit","Diccionario original: al momento de la visita; varia entre visitas en 30/30 participantes con 2 o mas muestras.",""
"calories","clinical","numeric","kcal","no","Consumo de calorias (recordatorio 24 h)","at_visit","Diccionario original: consumo en la fecha de consulta (recordatorio de 24 h); varia entre visitas en 27/27 participantes con 2 o mas muestras.",""
"calories_fat","clinical","numeric","kcal","no","Consumo de calorias en lipidos","at_visit","Diccionario original: consumo en la fecha de consulta (recordatorio de 24 h); varia entre visitas en 27/27 participantes con 2 o mas muestras.",""
"carbohydrates","clinical","numeric","g","no","Consumo de hidratos de carbono (g)","at_visit","Diccionario original: consumo en la fecha de consulta (recordatorio de 24 h); varia entre visitas en 27/27 participantes con 2 o mas muestras.",""
"protein","clinical","numeric","g","no","Consumo de proteinas (g)","at_visit","Diccionario original: consumo en la fecha de consulta (recordatorio de 24 h); varia entre visitas en 27/27 participantes con 2 o mas muestras.",""
"fat","clinical","numeric","g","no","Consumo de lipidos (g)","at_visit","Diccionario original: consumo en la fecha de consulta (recordatorio de 24 h); varia entre visitas en 27/27 participantes con 2 o mas muestras.",""
"vitamin_b1","clinical","numeric","mg","no","Consumo de vitamina B1 (mg)","at_visit","Diccionario original: consumo en la fecha de consulta (recordatorio de 24 h); varia entre visitas en 27/27 participantes con 2 o mas muestras.",""
"vitamin_b2","clinical","numeric","mg","no","Consumo de vitamina B2 (mg)","at_visit","Diccionario original: consumo en la fecha de consulta (recordatorio de 24 h); varia entre visitas en 26/27 participantes con 2 o mas muestras.",""
"vitamin_b6","clinical","numeric","mg","no","Consumo de vitamina B6 (mg)","at_visit","Diccionario original: consumo en la fecha de consulta (recordatorio de 24 h); varia entre visitas en 27/27 participantes con 2 o mas muestras.",""
"vitamin_b12","clinical","numeric","ug","no","Consumo de vitamina B12 (ug)","at_visit","Diccionario original: consumo en la fecha de consulta (recordatorio de 24 h); varia entre visitas en 26/27 participantes con 2 o mas muestras.",""
"folic_ac_correg","clinical","numeric","ug","no","Consumo total de acido folico (ug)","at_visit","Diccionario original: consumo en la fecha de consulta (recordatorio de 24 h); varia entre visitas en 24/27 participantes con 2 o mas muestras.",""
"folate","clinical","numeric","ug","no","Folato (ug)","at_visit","Sin descripcion en el diccionario original; mismas muestras faltantes que la dieta del recordatorio de 24 h y varia entre visitas en 27/27 participantes con 2 o mas muestras.",""
"folate_dfe","clinical","numeric","ug","no","Folato equivalentes dieteticos DFE (ug)","at_visit","Sin descripcion en el diccionario original; mismas muestras faltantes que la dieta del recordatorio de 24 h y varia entre visitas en 27/27 participantes con 2 o mas muestras.",""
"folate_food","clinical","numeric","ug","no","Consumo de folato en alimentos (ug)","at_visit","Diccionario original: consumo en la fecha de consulta (recordatorio de 24 h); varia entre visitas en 27/27 participantes con 2 o mas muestras.",""
"choline","clinical","numeric","mg","no","Consumo total de colina","at_visit","Diccionario original: consumo en la fecha de consulta (recordatorio de 24 h); varia entre visitas en 27/27 participantes con 2 o mas muestras.",""
"cystine","clinical","numeric","g","no","Consumo total de cisteina","at_visit","Diccionario original: consumo en la fecha de consulta (recordatorio de 24 h); varia entre visitas en 26/27 participantes con 2 o mas muestras.",""
"glycine","clinical","numeric","g","no","Consumo total de glicina","at_visit","Diccionario original: consumo en la fecha de consulta (recordatorio de 24 h); varia entre visitas en 26/27 participantes con 2 o mas muestras.",""
"methionine","clinical","numeric","g","no","Consumo total de metionina","at_visit","Diccionario original: consumo en la fecha de consulta (recordatorio de 24 h); varia entre visitas en 26/27 participantes con 2 o mas muestras.",""
"serine","clinical","numeric","g","no","Consumo total de serina","at_visit","Diccionario original: consumo en la fecha de consulta (recordatorio de 24 h); varia entre visitas en 26/27 participantes con 2 o mas muestras.",""
"dietsuppl3mon","clinical","numeric","0/1","no","Consumo de suplemento dietario (0=No 1=Si)","at_visit","Se pregunta en la visita (informacion del equipo del estudio); constante entre visitas en las 29 participantes con 2 o mas muestras, compatible con suplementacion sostenida. Sin fecha en la base original: supuesto documentado en docs/CLINICAL_VARIABLE_AVAILABILITY.md.",""
"vitaminsup","clinical","numeric","0/1","no","Consumo de vitaminas en suplemento (0=No 1=Si)","at_visit","Se pregunta en la visita (informacion del equipo del estudio); constante entre visitas en las 15 participantes con 2 o mas muestras, compatible con suplementacion sostenida. Sin fecha en la base original: supuesto documentado en docs/CLINICAL_VARIABLE_AVAILABILITY.md.",""
"supintakefreq","clinical","numeric","per_day","no","Dosis diaria de suplementos (veces/dia)","at_visit","Se pregunta en la visita (informacion del equipo del estudio); constante entre visitas en las 29 participantes con 2 o mas muestras, compatible con suplementacion sostenida. Sin fecha en la base original: supuesto documentado en docs/CLINICAL_VARIABLE_AVAILABILITY.md.",""
"comp1tribleed","clinical","numeric","0/1","no","Sangrado del primer trimestre (0=No 1=Si)","at_visit","Por definicion ocurre antes de la semana 14 y 102/110 muestras son posteriores. Sin fecha en la base original, constante entre visitas en las 31 participantes con 2 o mas muestras, y su fila del diccionario original lleva la nota 'Desenlace'. Se toma la definicion temporal como evidencia (supuesto documentado en docs/CLINICAL_VARIABLE_AVAILABILITY.md).",""
"compvaginf","clinical","numeric","0/1","no","Infeccion cervicovaginal activa (0=No 1=Si)","after_visit","Infeccion activa sin fecha: bloque de complicaciones del diccionario original (comp1tribleed a bajo_peso_nac), que guarda un valor por embarazo copiado en cada visita (rpm, ruptura despues de la semana 37, vale 1 en una visita de la semana 14.4); sin fecha en la base original; constante entre visitas en las 31 participantes con 2 o mas muestras; vale 1 en 1/29 participantes a termino y 1/14 prematuras.",""
"compsexualinf","clinical","numeric","0/1","no","Infeccion de transmision sexual detectada (0=No 1=Si)","after_visit","Bloque de complicaciones del diccionario original (comp1tribleed a bajo_peso_nac), que guarda un valor por embarazo copiado en cada visita (rpm, ruptura despues de la semana 37, vale 1 en una visita de la semana 14.4); sin fecha en la base original; constante entre visitas en las 31 participantes con 2 o mas muestras; vale 1 en 0/29 participantes a termino y 0/14 prematuras.",""
"comppreeclam","clinical","numeric","0/1","no","Preeclampsia (0=No 1=Si)","after_visit","Vale 1 en 0/29 participantes a termino y 1/14 prematuras; su unica visita es la Visita 1 (reclutamiento, semana 17.2) y los criterios de exclusion del estudio excluyen complicaciones presentes al reclutamiento: se diagnostico despues de esa visita. Bloque de complicaciones del diccionario original (comp1tribleed a bajo_peso_nac), que guarda un valor por embarazo copiado en cada visita (rpm, ruptura despues de la semana 37, vale 1 en una visita de la semana 14.4); sin fecha en la base original.",""
"rpm_preterm","clinical","numeric","0/1","no","Ruptura prematura de membranas antes de 37 sem (0=No 1=Si)","outcome_defined","Ruptura de membranas antes de la semana 37: usa el mismo corte que el desenlace y es una forma de presentacion del parto prematuro; vale 1 en 0/29 participantes a termino y 3/14 prematuras.",""
"rpm","clinical","numeric","0/1","no","Ruptura prematura de membranas mayor a 37 sem (0=No 1=Si)","outcome_defined","Ruptura de membranas despues de la semana 37: un 1 implica que el embarazo llego a 37 semanas, es decir parto a termino; vale 1 en 5/29 participantes a termino y 0/14 prematuras.",""
"diabetes_gest","clinical","numeric","0/1","no","Diabetes gestacional (0=No 1=Si)","after_visit","Bloque de complicaciones del diccionario original (comp1tribleed a bajo_peso_nac), que guarda un valor por embarazo copiado en cada visita (rpm, ruptura despues de la semana 37, vale 1 en una visita de la semana 14.4); sin fecha en la base original; constante entre visitas en las 31 participantes con 2 o mas muestras; vale 1 en 0/29 participantes a termino y 0/14 prematuras.",""
"obito","clinical","numeric","0/1","no","Obito o muerte al nacer","after_visit","Evento del parto; vale 1 en 0/29 participantes a termino y 0/14 prematuras.",""
"oligohidramnios","clinical","numeric","0/1","no","Oligohidramnios (0=No 1=Si)","after_visit","Diagnostico sin fecha: bloque de complicaciones del diccionario original (comp1tribleed a bajo_peso_nac), que guarda un valor por embarazo copiado en cada visita (rpm, ruptura despues de la semana 37, vale 1 en una visita de la semana 14.4); sin fecha en la base original; vale 1 en 1/29 participantes a termino y 2/14 prematuras, todas con una sola visita (la constancia entre visitas no informa sobre ellas).",""
"rciu","clinical","numeric","0/1","no","Retraso en el crecimiento intrauterino (0=No 1=Si)","after_visit","Diagnostico sin fecha: bloque de complicaciones del diccionario original (comp1tribleed a bajo_peso_nac), que guarda un valor por embarazo copiado en cada visita (rpm, ruptura despues de la semana 37, vale 1 en una visita de la semana 14.4); sin fecha en la base original; vale 1 en 0/29 participantes a termino y 1/14 prematuras, la misma participante de comppreeclam (unica visita: reclutamiento, semana 17.2; las complicaciones presentes al reclutamiento eran criterio de exclusion).",""
"bajo_peso_nac","clinical","numeric","0/1","no","Bajo peso al nacer (menos de 2.5 kg)","after_visit","Se conoce en el parto; igual a birthweightgr < 2500 en 106/106 muestras con dato.","birthweightgr"
"nivel_academico","clinical","character","","no","Nivel educativo (1=Primaria 2=Secundaria 3=Bachillerato 4=Licenciatura)","at_visit","Caracteristica sociodemografica de reclutamiento; constante entre visitas en las 30 participantes con 2 o mas muestras. Sin fecha en la base original: supuesto documentado en docs/CLINICAL_VARIABLE_AVAILABILITY.md.",""
"maritalstat","clinical","numeric","","no","Estado civil (1=Casada 2=Divorciada 5=Union libre)","at_visit","Caracteristica sociodemografica de reclutamiento; constante entre visitas en las 30 participantes con 2 o mas muestras. Sin fecha en la base original: supuesto documentado en docs/CLINICAL_VARIABLE_AVAILABILITY.md.",""
"workouthome","clinical","numeric","","no","Trabaja fuera de casa (1=Si 2=No)","at_visit","Caracteristica sociodemografica de reclutamiento; constante entre visitas en las 30 participantes con 2 o mas muestras. Sin fecha en la base original: supuesto documentado en docs/CLINICAL_VARIABLE_AVAILABILITY.md (el empleo puede cambiar durante el embarazo).",""
"sex_baby","clinical","character","","no","Sexo del bebe","after_visit","Sin fecha en la base original y constante entre visitas en las 30 participantes con 2 o mas muestras; se conoce al nacer o por ultrasonido no fechado. No se puede confirmar que se conociera en la visita.",""
"birthweightgr","clinical","numeric","g","no","Peso al nacimiento (g)","after_visit","Peso al nacer; se conoce en el parto.",""
"peso_nacimiento","clinical","character","","no","Calificacion de peso al nacer","after_visit","Calificacion del peso al nacer; se conoce en el parto.",""
"pfetal","clinical","numeric","g","no","Peso fetal (g) al momento de la consulta","at_visit","Diccionario original: al momento de la consulta; varia entre visitas en 28/28 participantes con 2 o mas muestras.",""
"fcf","clinical","numeric","bpm","no","Frecuencia cardiaca fetal","at_visit","Biometria fetal de la consulta; varia entre visitas en 29/29 participantes con 2 o mas muestras.",""
"ccef","clinical","numeric","mm","no","Perimetro cefalico fetal","at_visit","Biometria fetal de la consulta; varia entre visitas en 28/28 participantes con 2 o mas muestras.",""
"dbip","clinical","numeric","mm","no","Diametro biparietal fetal","at_visit","Biometria fetal de la consulta; varia entre visitas en 28/28 participantes con 2 o mas muestras.",""
"cabd","clinical","numeric","mm","no","Circunferencia abdominal fetal","at_visit","Biometria fetal de la consulta; varia entre visitas en 28/28 participantes con 2 o mas muestras.",""
"longfe","clinical","numeric","mm","no","Longitud de femur","at_visit","Biometria fetal de la consulta; varia entre visitas en 28/28 participantes con 2 o mas muestras.",""
"hemoglobin_g_dl","clinical","numeric","g/dL","no","Hemoglobina (g/dL)","at_visit","Medida en la visita; varia entre visitas en 26/27 participantes con 2 o mas muestras.",""
"hemoglobin_alti_adj","clinical","numeric","g/dL","no","Hemoglobina ajustada por altitud (CDMX)","at_visit","Igual a hemoglobin_g_dl - 0.95 en las 93 muestras con dato.","hemoglobin_g_dl"
"anemia_visita","clinical","numeric","0/1","no","Diagnostico de anemia","at_visit","Diagnostico por visita; varia entre visitas en 7/27 participantes con 2 o mas muestras.",""
"early_preterm","clinical","factor","0/1","no","Parto muy prematuro (<34 sem); binario 0/1; variable de desenlace","outcome_defined","Parto antes de las 34 semanas; define un desenlace.",""
"imc_visita","clinical","numeric","kg/m2","no","IMC en cada visita (primera = pregestacional; resto calculado)","at_visit","Igual a imc_pregestacional en las 110 muestras (no cambia entre visitas pese a la descripcion).","imc_pregestacional"
"lag_peso_kg","clinical","numeric","kg","no","Feature rezagada (lag) de peso","at_visit","peso_kg de la visita anterior (66/66; en la primera visita repite el valor actual).","peso_kg"
"lag_hemoglobin","clinical","numeric","g/dL","no","Feature rezagada (lag) de hemoglobina","at_visit","hemoglobin_g_dl de la visita anterior (59/59; en la primera visita repite el valor actual).","hemoglobin_g_dl"
"lag_imc_visita","clinical","numeric","kg/m2","no","Feature rezagada (lag) de IMC","at_visit","Rezago de imc_visita, que no cambia entre visitas.","imc_visita"
"rolling_avg_peso","clinical","numeric","kg","no","Promedio movil de peso (ultimas 2 visitas)","at_visit","Promedio de peso_kg de la visita actual y la anterior (66/66).","peso_kg"
"rolling_avg_imc","clinical","numeric","kg/m2","no","Promedio movil de IMC (ultimas 2 visitas)","at_visit","Promedio movil de imc_visita, que no cambia entre visitas.","imc_visita"
"time_since_first","clinical","numeric","weeks","no","Tiempo desde la primera visita (semanas)","at_visit","sdg_visita menos la de la primera visita (110/110 muestras).","sdg_visita"
"Lactobacillus","microbiome","numeric","rel_abund","no","Abundancia relativa del taxon (genero/rango superior)","at_visit","Abundancia medida en la muestra vaginal de la visita.",""
"Gardnerella","microbiome","numeric","rel_abund","no","Abundancia relativa del taxon (genero/rango superior)","at_visit","Abundancia medida en la muestra vaginal de la visita.",""
"Hydrotalea","microbiome","numeric","rel_abund","no","Abundancia relativa del taxon (genero/rango superior)","at_visit","Abundancia medida en la muestra vaginal de la visita.",""
"Ralstonia","microbiome","numeric","rel_abund","no","Abundancia relativa del taxon (genero/rango superior)","at_visit","Abundancia medida en la muestra vaginal de la visita.",""
"Gordonia","microbiome","numeric","rel_abund","no","Abundancia relativa del taxon (genero/rango superior)","at_visit","Abundancia medida en la muestra vaginal de la visita.",""
"Kocuria","microbiome","numeric","rel_abund","no","Abundancia relativa del taxon (genero/rango superior)","at_visit","Abundancia medida en la muestra vaginal de la visita.",""
"Peptostreptococcus","microbiome","numeric","rel_abund","no","Abundancia relativa del taxon (genero/rango superior)","at_visit","Abundancia medida en la muestra vaginal de la visita.",""
"f__Rhizobiaceae","microbiome","numeric","rel_abund","no","Abundancia relativa del taxon (genero/rango superior)","at_visit","Abundancia medida en la muestra vaginal de la visita.",""
"Agrobacterium","microbiome","numeric","rel_abund","no","Abundancia relativa del taxon (genero/rango superior)","at_visit","Abundancia medida en la muestra vaginal de la visita.",""
"Mesorhizobium","microbiome","numeric","rel_abund","no","Abundancia relativa del taxon (genero/rango superior)","at_visit","Abundancia medida en la muestra vaginal de la visita.",""
"Finegoldia","microbiome","numeric","rel_abund","no","Abundancia relativa del taxon (genero/rango superior)","at_visit","Abundancia medida en la muestra vaginal de la visita.",""
"Bifidobacterium","microbiome","numeric","rel_abund","no","Abundancia relativa del taxon (genero/rango superior)","at_visit","Abundancia medida en la muestra vaginal de la visita.",""
"HT002","microbiome","numeric","rel_abund","no","Abundancia relativa del taxon (genero/rango superior)","at_visit","Abundancia medida en la muestra vaginal de la visita.",""
"f__Xanthobacteraceae","microbiome","numeric","rel_abund","no","Abundancia relativa del taxon (genero/rango superior)","at_visit","Abundancia medida en la muestra vaginal de la visita.",""
"Variovorax","microbiome","numeric","rel_abund","no","Abundancia relativa del taxon (genero/rango superior)","at_visit","Abundancia medida en la muestra vaginal de la visita.",""
"Bradyrhizobium","microbiome","numeric","rel_abund","no","Abundancia relativa del taxon (genero/rango superior)","at_visit","Abundancia medida en la muestra vaginal de la visita.",""
"Mycoplasma","microbiome","numeric","rel_abund","no","Abundancia relativa del taxon (genero/rango superior)","at_visit","Abundancia medida en la muestra vaginal de la visita.",""
"Peptoniphilus","microbiome","numeric","rel_abund","no","Abundancia relativa del taxon (genero/rango superior)","at_visit","Abundancia medida en la muestra vaginal de la visita.",""
"Corynebacterium","microbiome","numeric","rel_abund","no","Abundancia relativa del taxon (genero/rango superior)","at_visit","Abundancia medida en la muestra vaginal de la visita.",""
"f__Comamonadaceae","microbiome","numeric","rel_abund","no","Abundancia relativa del taxon (genero/rango superior)","at_visit","Abundancia medida en la muestra vaginal de la visita.",""
"Ureaplasma","microbiome","numeric","rel_abund","no","Abundancia relativa del taxon (genero/rango superior)","at_visit","Abundancia medida en la muestra vaginal de la visita.",""
"Megasphaera","microbiome","numeric","rel_abund","no","Abundancia relativa del taxon (genero/rango superior)","at_visit","Abundancia medida en la muestra vaginal de la visita.",""
"Cutibacterium","microbiome","numeric","rel_abund","no","Abundancia relativa del taxon (genero/rango superior)","at_visit","Abundancia medida en la muestra vaginal de la visita.",""
"Streptococcus","microbiome","numeric","rel_abund","no","Abundancia relativa del taxon (genero/rango superior)","at_visit","Abundancia medida en la muestra vaginal de la visita.",""
"Anaerococcus","microbiome","numeric","rel_abund","no","Abundancia relativa del taxon (genero/rango superior)","at_visit","Abundancia medida en la muestra vaginal de la visita.",""
"Hoylesella","microbiome","numeric","rel_abund","no","Abundancia relativa del taxon (genero/rango superior)","at_visit","Abundancia medida en la muestra vaginal de la visita.",""
"Clostridium","microbiome","numeric","rel_abund","no","Abundancia relativa del taxon (genero/rango superior)","at_visit","Abundancia medida en la muestra vaginal de la visita.",""
"Fannyhessea","microbiome","numeric","rel_abund","no","Abundancia relativa del taxon (genero/rango superior)","at_visit","Abundancia medida en la muestra vaginal de la visita.",""
"Lawsonella","microbiome","numeric","rel_abund","no","Abundancia relativa del taxon (genero/rango superior)","at_visit","Abundancia medida en la muestra vaginal de la visita.",""
"Sneathia","microbiome","numeric","rel_abund","no","Abundancia relativa del taxon (genero/rango superior)","at_visit","Abundancia medida en la muestra vaginal de la visita.",""
"f__Lactobacillaceae","microbiome","numeric","rel_abund","no","Abundancia relativa del taxon (genero/rango superior)","at_visit","Abundancia medida en la muestra vaginal de la visita.",""
"Staphylococcus","microbiome","numeric","rel_abund","no","Abundancia relativa del taxon (genero/rango superior)","at_visit","Abundancia medida en la muestra vaginal de la visita.",""
"Microbacterium","microbiome","numeric","rel_abund","no","Abundancia relativa del taxon (genero/rango superior)","at_visit","Abundancia medida en la muestra vaginal de la visita.",""
"Limosilactobacillus","microbiome","numeric","rel_abund","no","Abundancia relativa del taxon (genero/rango superior)","at_visit","Abundancia medida en la muestra vaginal de la visita.",""
"o__Chloroplast","microbiome","numeric","rel_abund","no","Abundancia relativa del taxon (genero/rango superior)","at_visit","Abundancia medida en la muestra vaginal de la visita.",""
"Methylobacterium","microbiome","numeric","rel_abund","no","Abundancia relativa del taxon (genero/rango superior)","at_visit","Abundancia medida en la muestra vaginal de la visita.",""
"Rhizobium","microbiome","numeric","rel_abund","no","Abundancia relativa del taxon (genero/rango superior)","at_visit","Abundancia medida en la muestra vaginal de la visita.",""
"Prevotella","microbiome","numeric","rel_abund","no","Abundancia relativa del taxon (genero/rango superior)","at_visit","Abundancia medida en la muestra vaginal de la visita.",""
"f__Veillonellaceae","microbiome","numeric","rel_abund","no","Abundancia relativa del taxon (genero/rango superior)","at_visit","Abundancia medida en la muestra vaginal de la visita.",""
"Enhydrobacter","microbiome","numeric","rel_abund","no","Abundancia relativa del taxon (genero/rango superior)","at_visit","Abundancia medida en la muestra vaginal de la visita.",""
"f__Pleomorphomonadaceae","microbiome","numeric","rel_abund","no","Abundancia relativa del taxon (genero/rango superior)","at_visit","Abundancia medida en la muestra vaginal de la visita.",""
"f__Bifidobacteriaceae","microbiome","numeric","rel_abund","no","Abundancia relativa del taxon (genero/rango superior)","at_visit","Abundancia medida en la muestra vaginal de la visita.",""
"Fastidiosipila","microbiome","numeric","rel_abund","no","Abundancia relativa del taxon (genero/rango superior)","at_visit","Abundancia medida en la muestra vaginal de la visita.",""
"o__Saccharimonadales","microbiome","numeric","rel_abund","no","Abundancia relativa del taxon (genero/rango superior)","at_visit","Abundancia medida en la muestra vaginal de la visita.",""
"o__Lactobacillales","microbiome","numeric","rel_abund","no","Abundancia relativa del taxon (genero/rango superior)","at_visit","Abundancia medida en la muestra vaginal de la visita.",""
"o__Clostridia_UCG-014","microbiome","numeric","rel_abund","no","Abundancia relativa del taxon (genero/rango superior)","at_visit","Abundancia medida en la muestra vaginal de la visita.",""
"Prevotellaceae_UCG-001","microbiome","numeric","rel_abund","no","Abundancia relativa del taxon (genero/rango superior)","at_visit","Abundancia medida en la muestra vaginal de la visita.",""
"Sphingomonas","microbiome","numeric","rel_abund","no","Abundancia relativa del taxon (genero/rango superior)","at_visit","Abundancia medida en la muestra vaginal de la visita.",""
"Bosea","microbiome","numeric","rel_abund","no","Abundancia relativa del taxon (genero/rango superior)","at_visit","Abundancia medida en la muestra vaginal de la visita.",""
"Lancefieldella","microbiome","numeric","rel_abund","no","Abundancia relativa del taxon (genero/rango superior)","at_visit","Abundancia medida en la muestra vaginal de la visita.",""
"c__Alphaproteobacteria","microbiome","numeric","rel_abund","no","Abundancia relativa del taxon (genero/rango superior)","at_visit","Abundancia medida en la muestra vaginal de la visita.",""
"Olsenella","microbiome","numeric","rel_abund","no","Abundancia relativa del taxon (genero/rango superior)","at_visit","Abundancia medida en la muestra vaginal de la visita.",""
"Escherichia-Shigella","microbiome","numeric","rel_abund","no","Abundancia relativa del taxon (genero/rango superior)","at_visit","Abundancia medida en la muestra vaginal de la visita.",""
"Blautia","microbiome","numeric","rel_abund","no","Abundancia relativa del taxon (genero/rango superior)","at_visit","Abundancia medida en la muestra vaginal de la visita.",""
"Mogibacterium","microbiome","numeric","rel_abund","no","Abundancia relativa del taxon (genero/rango superior)","at_visit","Abundancia medida en la muestra vaginal de la visita.",""
"Miniphocaeibacter","microbiome","numeric","rel_abund","no","Abundancia relativa del taxon (genero/rango superior)","at_visit","Abundancia medida en la muestra vaginal de la visita.",""
"Propionibacterium","microbiome","numeric","rel_abund","no","Abundancia relativa del taxon (genero/rango superior)","at_visit","Abundancia medida en la muestra vaginal de la visita.",""
"Murdochiella","microbiome","numeric","rel_abund","no","Abundancia relativa del taxon (genero/rango superior)","at_visit","Abundancia medida en la muestra vaginal de la visita.",""
"Mobiluncus","microbiome","numeric","rel_abund","no","Abundancia relativa del taxon (genero/rango superior)","at_visit","Abundancia medida en la muestra vaginal de la visita.",""
"Aerococcus","microbiome","numeric","rel_abund","no","Abundancia relativa del taxon (genero/rango superior)","at_visit","Abundancia medida en la muestra vaginal de la visita.",""
"Methylorubrum","microbiome","numeric","rel_abund","no","Abundancia relativa del taxon (genero/rango superior)","at_visit","Abundancia medida en la muestra vaginal de la visita.",""
"Alishewanella","microbiome","numeric","rel_abund","no","Abundancia relativa del taxon (genero/rango superior)","at_visit","Abundancia medida en la muestra vaginal de la visita.",""
"Slackia","microbiome","numeric","rel_abund","no","Abundancia relativa del taxon (genero/rango superior)","at_visit","Abundancia medida en la muestra vaginal de la visita.",""
"Pseudomonas","microbiome","numeric","rel_abund","no","Abundancia relativa del taxon (genero/rango superior)","at_visit","Abundancia medida en la muestra vaginal de la visita.",""
"d__Bacteria","microbiome","numeric","rel_abund","no","Abundancia relativa del taxon (genero/rango superior)","at_visit","Abundancia medida en la muestra vaginal de la visita.",""
"Faecalibacterium","microbiome","numeric","rel_abund","no","Abundancia relativa del taxon (genero/rango superior)","at_visit","Abundancia medida en la muestra vaginal de la visita.",""
"Acinetobacter","microbiome","numeric","rel_abund","no","Abundancia relativa del taxon (genero/rango superior)","at_visit","Abundancia medida en la muestra vaginal de la visita.",""
"Mediterraneibacter","microbiome","numeric","rel_abund","no","Abundancia relativa del taxon (genero/rango superior)","at_visit","Abundancia medida en la muestra vaginal de la visita.",""
"Labrys","microbiome","numeric","rel_abund","no","Abundancia relativa del taxon (genero/rango superior)","at_visit","Abundancia medida en la muestra vaginal de la visita.",""
"Schaalia","microbiome","numeric","rel_abund","no","Abundancia relativa del taxon (genero/rango superior)","at_visit","Abundancia medida en la muestra vaginal de la visita.",""
"f__Mitochondria","microbiome","numeric","rel_abund","no","Abundancia relativa del taxon (genero/rango superior)","at_visit","Abundancia medida en la muestra vaginal de la visita.",""
"Chlamydia","microbiome","numeric","rel_abund","no","Abundancia relativa del taxon (genero/rango superior)","at_visit","Abundancia medida en la muestra vaginal de la visita.",""
"Mesomycoplasma","microbiome","numeric","rel_abund","no","Abundancia relativa del taxon (genero/rango superior)","at_visit","Abundancia medida en la muestra vaginal de la visita.",""
"Ascidiaceihabitans","microbiome","numeric","rel_abund","no","Abundancia relativa del taxon (genero/rango superior)","at_visit","Abundancia medida en la muestra vaginal de la visita.",""
"Arcanobacterium","microbiome","numeric","rel_abund","no","Abundancia relativa del taxon (genero/rango superior)","at_visit","Abundancia medida en la muestra vaginal de la visita.",""
"Abiotrophia","microbiome","numeric","rel_abund","no","Abundancia relativa del taxon (genero/rango superior)","at_visit","Abundancia medida en la muestra vaginal de la visita.",""
"Micrococcus","microbiome","numeric","rel_abund","no","Abundancia relativa del taxon (genero/rango superior)","at_visit","Abundancia medida en la muestra vaginal de la visita.",""
"Parvimonas","microbiome","numeric","rel_abund","no","Abundancia relativa del taxon (genero/rango superior)","at_visit","Abundancia medida en la muestra vaginal de la visita.",""
"Porphyromonas","microbiome","numeric","rel_abund","no","Abundancia relativa del taxon (genero/rango superior)","at_visit","Abundancia medida en la muestra vaginal de la visita.",""
"Segatella","microbiome","numeric","rel_abund","no","Abundancia relativa del taxon (genero/rango superior)","at_visit","Abundancia medida en la muestra vaginal de la visita.",""
"Fenollaria","microbiome","numeric","rel_abund","no","Abundancia relativa del taxon (genero/rango superior)","at_visit","Abundancia medida en la muestra vaginal de la visita.",""
"Gemella","microbiome","numeric","rel_abund","no","Abundancia relativa del taxon (genero/rango superior)","at_visit","Abundancia medida en la muestra vaginal de la visita.",""
"Romboutsia","microbiome","numeric","rel_abund","no","Abundancia relativa del taxon (genero/rango superior)","at_visit","Abundancia medida en la muestra vaginal de la visita.",""
"Varibaculum","microbiome","numeric","rel_abund","no","Abundancia relativa del taxon (genero/rango superior)","at_visit","Abundancia medida en la muestra vaginal de la visita.",""
"Afipia","microbiome","numeric","rel_abund","no","Abundancia relativa del taxon (genero/rango superior)","at_visit","Abundancia medida en la muestra vaginal de la visita.",""
"Holzapfeliella","microbiome","numeric","rel_abund","no","Abundancia relativa del taxon (genero/rango superior)","at_visit","Abundancia medida en la muestra vaginal de la visita.",""
"Dorea","microbiome","numeric","rel_abund","no","Abundancia relativa del taxon (genero/rango superior)","at_visit","Abundancia medida en la muestra vaginal de la visita.",""
"Xanthobacter","microbiome","numeric","rel_abund","no","Abundancia relativa del taxon (genero/rango superior)","at_visit","Abundancia medida en la muestra vaginal de la visita.",""
"Propionimicrobium","microbiome","numeric","rel_abund","no","Abundancia relativa del taxon (genero/rango superior)","at_visit","Abundancia medida en la muestra vaginal de la visita.",""
"Peptococcus","microbiome","numeric","rel_abund","no","Abundancia relativa del taxon (genero/rango superior)","at_visit","Abundancia medida en la muestra vaginal de la visita.",""
"f__Atopobiaceae","microbiome","numeric","rel_abund","no","Abundancia relativa del taxon (genero/rango superior)","at_visit","Abundancia medida en la muestra vaginal de la visita.",""
"Campylobacter","microbiome","numeric","rel_abund","no","Abundancia relativa del taxon (genero/rango superior)","at_visit","Abundancia medida en la muestra vaginal de la visita.",""
"Solobacterium","microbiome","numeric","rel_abund","no","Abundancia relativa del taxon (genero/rango superior)","at_visit","Abundancia medida en la muestra vaginal de la visita.",""
"f__Nocardiaceae","microbiome","numeric","rel_abund","no","Abundancia relativa del taxon (genero/rango superior)","at_visit","Abundancia medida en la muestra vaginal de la visita.",""
"Berryella","microbiome","numeric","rel_abund","no","Abundancia relativa del taxon (genero/rango superior)","at_visit","Abundancia medida en la muestra vaginal de la visita.",""
"Paraherbaspirillum","microbiome","numeric","rel_abund","no","Abundancia relativa del taxon (genero/rango superior)","at_visit","Abundancia medida en la muestra vaginal de la visita.",""
"f__Bifidobacteriaceae.1","microbiome","numeric","rel_abund","no","Abundancia relativa del taxon; columna duplicada desambiguada por read.csv (.1)","at_visit","Abundancia medida en la muestra vaginal de la visita.",""
"age_risk_category","clinical_derived","character","","no","Categoria de edad materna: <20, 20-34, >=35 (creada en el pipeline, chunk feature_engineering)","at_visit","Derivada de edad_cronologicamujer; hereda su categoria.","edad_cronologicamujer"
"extreme_age","clinical_derived","numeric","0/1","no","Edad materna <20 o >=35 (creada en el pipeline, chunk feature_engineering)","at_visit","Derivada de edad_cronologicamujer; hereda su categoria.","edad_cronologicamujer"
"underweight","clinical_derived","numeric","0/1","no","IMC pregestacional <18.5 (creada en el pipeline, chunk feature_engineering)","at_visit","Derivada de imc_pregestacional; hereda su categoria.","imc_pregestacional"
"obese","clinical_derived","numeric","0/1","no","IMC pregestacional >=30 (creada en el pipeline, chunk feature_engineering)","at_visit","Derivada de imc_pregestacional; hereda su categoria.","imc_pregestacional"
"extreme_bmi","clinical_derived","numeric","0/1","no","IMC pregestacional <18.5 o >=30 (creada en el pipeline, chunk feature_engineering)","at_visit","Derivada de imc_pregestacional; hereda su categoria.","imc_pregestacional"
"complication_count","clinical_derived","numeric","count","no","Numero de complicaciones obstetricas (creada en el pipeline, chunk feature_engineering)","outcome_defined","Derivada de comp1tribleed, compvaginf, comppreeclam, rpm_preterm, rpm, diabetes_gest, oligohidramnios, rciu; hereda la categoria mas tardia de sus componentes (outcome_defined > after_visit > at_visit).","comp1tribleed;compvaginf;comppreeclam;rpm_preterm;rpm;diabetes_gest;oligohidramnios;rciu"
"any_complication","clinical_derived","numeric","0/1","no","Al menos una complicacion obstetrica (creada en el pipeline, chunk feature_engineering)","outcome_defined","Derivada de complication_count; hereda su categoria.","complication_count"
"multiple_complications","clinical_derived","numeric","0/1","no","Dos o mas complicaciones obstetricas (creada en el pipeline, chunk feature_engineering)","outcome_defined","Derivada de complication_count; hereda su categoria.","complication_count"
"low_education","clinical_derived","numeric","0/1","no","Nivel educativo hasta secundaria (creada en el pipeline, chunk feature_engineering)","at_visit","Derivada de nivel_academico; hereda su categoria.","nivel_academico"
"unmarried","clinical_derived","numeric","0/1","no","Estado civil distinto de casada (creada en el pipeline, chunk feature_engineering)","at_visit","Derivada de maritalstat; hereda su categoria.","maritalstat"
"ses_risk_score","clinical_derived","numeric","","no","Puntaje de riesgo socioeconomico: low_education + unmarried (0-2) (creada en el pipeline, chunk feature_engineering)","at_visit","Derivada de low_education, unmarried; hereda la categoria mas tardia de sus componentes (at_visit).","low_education;unmarried"
